,Year,State,Age Group (Years),State Rate,State Births,U.S. Births,U.S. Birth Rate,Unit
3692,2009,Alabama,18-19 years,79.8,"5,712","285,555",64.0,"per 1,000"
3693,2009,Alaska,18-19 years,82.2,819,"285,555",64.0,"per 1,000"
3694,2009,Arizona,18-19 years,79.7,"7,347","285,555",64.0,"per 1,000"
3695,2009,Arkansas,18-19 years,97.5,"4,063","285,555",64.0,"per 1,000"
3696,2009,California,18-19 years,58.3,"32,412","285,555",64.0,"per 1,000"
3697,2009,Colorado,18-19 years,63.4,"4,229","285,555",64.0,"per 1,000"
3698,2009,Connecticut,18-19 years,37.9,"1,840","285,555",64.0,"per 1,000"
3699,2009,Delaware,18-19 years,53.7,763,"285,555",64.0,"per 1,000"
3700,2009,District of Columbia,18-19 years,52.8,669,"285,555",64.0,"per 1,000"
3701,2009,Florida,18-19 years,62.5,"15,706","285,555",64.0,"per 1,000"
3702,2009,Georgia,18-19 years,80.8,"11,491","285,555",64.0,"per 1,000"
3703,2009,Hawaii,18-19 years,67.6,"1,126","285,555",64.0,"per 1,000"
3704,2009,Idaho,18-19 years,63.4,"1,487","285,555",64.0,"per 1,000"
3705,2009,Illinois,18-19 years,61.8,"11,151","285,555",64.0,"per 1,000"
3706,2009,Indiana,18-19 years,69.3,"6,786","285,555",64.0,"per 1,000"
3707,2009,Iowa,18-19 years,54.2,"2,474","285,555",64.0,"per 1,000"
3708,2009,Kansas,18-19 years,75.5,"3,070","285,555",64.0,"per 1,000"
3709,2009,Kentucky,18-19 years,85.2,"5,128","285,555",64.0,"per 1,000"
3710,2009,Louisiana,18-19 years,85.9,"5,879","285,555",64.0,"per 1,000"
3711,2009,Maine,18-19 years,44.5,796,"285,555",64.0,"per 1,000"
3712,2009,Maryland,18-19 years,53.0,"4,259","285,555",64.0,"per 1,000"
3713,2009,Massachusetts,18-19 years,30.9,"3,162","285,555",64.0,"per 1,000"
3714,2009,Michigan,18-19 years,55.0,"8,342","285,555",64.0,"per 1,000"
3715,2009,Minnesota,18-19 years,43.5,"3,179","285,555",64.0,"per 1,000"
3716,2009,Mississippi,18-19 years,100.7,"4,701","285,555",64.0,"per 1,000"
3717,2009,Missouri,18-19 years,70.4,"6,128","285,555",64.0,"per 1,000"
3718,2009,Montana,18-19 years,66.9,906,"285,555",64.0,"per 1,000"
3719,2009,Nebraska,18-19 years,59.7,"1,577","285,555",64.0,"per 1,000"
3720,2009,Nevada,18-19 years,76.2,"2,599","285,555",64.0,"per 1,000"
3721,2009,New Hampshire,18-19 years,29.8,578,"285,555",64.0,"per 1,000"
3722,2009,New Jersey,18-19 years,41.0,"4,479","285,555",64.0,"per 1,000"
3723,2009,New Mexico,18-19 years,98.3,"2,952","285,555",64.0,"per 1,000"
3724,2009,New York,18-19 years,41.0,"11,603","285,555",64.0,"per 1,000"
3725,2009,North Carolina,18-19 years,72.6,"9,900","285,555",64.0,"per 1,000"
3726,2009,North Dakota,18-19 years,46.9,502,"285,555",64.0,"per 1,000"
3727,2009,Ohio,18-19 years,66.4,"11,051","285,555",64.0,"per 1,000"
3728,2009,Oklahoma,18-19 years,96.0,"5,248","285,555",64.0,"per 1,000"
3729,2009,Oregon,18-19 years,55.8,"2,898","285,555",64.0,"per 1,000"
3730,2009,Pennsylvania,18-19 years,46.4,"8,982","285,555",64.0,"per 1,000"
3731,2009,Rhode Island,18-19 years,34.5,685,"285,555",64.0,"per 1,000"
3732,2009,South Carolina,18-19 years,76.8,"5,434","285,555",64.0,"per 1,000"
3733,2009,South Dakota,18-19 years,67.8,789,"285,555",64.0,"per 1,000"
3734,2009,Tennessee,18-19 years,83.8,"7,421","285,555",64.0,"per 1,000"
3735,2009,Texas,18-19 years,95.5,"34,735","285,555",64.0,"per 1,000"
3736,2009,Total U.S.,18-19 years,64.0,"285,555","285,555",64.0,"per 1,000"
3737,2009,Utah,18-19 years,50.3,"2,359","285,555",64.0,"per 1,000"
3738,2009,Vermont,18-19 years,30.5,312,"285,555",64.0,"per 1,000"
3739,2009,Virginia,18-19 years,52.9,"6,024","285,555",64.0,"per 1,000"
3740,2009,Washington,18-19 years,54.2,"4,977","285,555",64.0,"per 1,000"
3741,2009,West Virginia,18-19 years,80.2,"2,029","285,555",64.0,"per 1,000"
3742,2009,Wisconsin,18-19 years,51.8,"4,189","285,555",64.0,"per 1,000"
3743,2009,Wyoming,18-19 years,76.9,607,"285,555",64.0,"per 1,000"
3744,2010,Alabama,18-19 years,71.8,"5,119","258,505",58.2,"per 1,000"
3745,2010,Alaska,18-19 years,73.4,705,"258,505",58.2,"per 1,000"
3746,2010,Arizona,18-19 years,69.8,"6,455","258,505",58.2,"per 1,000"
3747,2010,Arkansas,18-19 years,91.4,"3,794","258,505",58.2,"per 1,000"
3748,2010,California,18-19 years,53.4,"29,835","258,505",58.2,"per 1,000"
3749,2010,Colorado,18-19 years,56.5,"3,757","258,505",58.2,"per 1,000"
3750,2010,Connecticut,18-19 years,34.5,"1,652","258,505",58.2,"per 1,000"
3751,2010,Delaware,18-19 years,48.9,689,"258,505",58.2,"per 1,000"
3752,2010,District of Columbia,18-19 years,52.0,648,"258,505",58.2,"per 1,000"
3753,2010,Florida,18-19 years,55.2,"13,734","258,505",58.2,"per 1,000"
3754,2010,Georgia,18-19 years,70.6,"10,048","258,505",58.2,"per 1,000"
3755,2010,Hawaii,18-19 years,62.6,"1,023","258,505",58.2,"per 1,000"
3756,2010,Idaho,18-19 years,58.9,"1,359","258,505",58.2,"per 1,000"
3757,2010,Illinois,18-19 years,56.9,"10,153","258,505",58.2,"per 1,000"
3758,2010,Indiana,18-19 years,63.5,"6,181","258,505",58.2,"per 1,000"
3759,2010,Iowa,18-19 years,49.0,"2,217","258,505",58.2,"per 1,000"
3760,2010,Kansas,18-19 years,67.9,"2,752","258,505",58.2,"per 1,000"
3761,2010,Kentucky,18-19 years,80.2,"4,837","258,505",58.2,"per 1,000"
3762,2010,Louisiana,18-19 years,81.0,"5,500","258,505",58.2,"per 1,000"
3763,2010,Maine,18-19 years,40.3,709,"258,505",58.2,"per 1,000"
3764,2010,Maryland,18-19 years,47.6,"3,794","258,505",58.2,"per 1,000"
3765,2010,Massachusetts,18-19 years,27.4,"2,772","258,505",58.2,"per 1,000"
3766,2010,Michigan,18-19 years,52.7,"7,867","258,505",58.2,"per 1,000"
3767,2010,Minnesota,18-19 years,41.3,"2,964","258,505",58.2,"per 1,000"
3768,2010,Mississippi,18-19 years,88.7,"4,118","258,505",58.2,"per 1,000"
3769,2010,Missouri,18-19 years,65.1,"5,621","258,505",58.2,"per 1,000"
3770,2010,Montana,18-19 years,67.0,883,"258,505",58.2,"per 1,000"
3771,2010,Nebraska,18-19 years,54.0,"1,414","258,505",58.2,"per 1,000"
3772,2010,Nevada,18-19 years,69.5,"2,398","258,505",58.2,"per 1,000"
3773,2010,New Hampshire,18-19 years,29.2,558,"258,505",58.2,"per 1,000"
3774,2010,New Jersey,18-19 years,37.6,"4,061","258,505",58.2,"per 1,000"
3775,2010,New Mexico,18-19 years,86.4,"2,582","258,505",58.2,"per 1,000"
3776,2010,New York,18-19 years,38.6,"10,788","258,505",58.2,"per 1,000"
3777,2010,North Carolina,18-19 years,63.5,"8,605","258,505",58.2,"per 1,000"
3778,2010,North Dakota,18-19 years,46.9,494,"258,505",58.2,"per 1,000"
3779,2010,Ohio,18-19 years,60.2,"9,941","258,505",58.2,"per 1,000"
3780,2010,Oklahoma,18-19 years,83.8,"4,578","258,505",58.2,"per 1,000"
3781,2010,Oregon,18-19 years,48.9,"2,533","258,505",58.2,"per 1,000"
3782,2010,Pennsylvania,18-19 years,43.8,"8,385","258,505",58.2,"per 1,000"
3783,2010,Rhode Island,18-19 years,31.6,607,"258,505",58.2,"per 1,000"
3784,2010,South Carolina,18-19 years,68.6,"4,832","258,505",58.2,"per 1,000"
3785,2010,South Dakota,18-19 years,61.6,715,"258,505",58.2,"per 1,000"
3786,2010,Tennessee,18-19 years,75.4,"6,718","258,505",58.2,"per 1,000"
3787,2010,Texas,18-19 years,86.5,"31,724","258,505",58.2,"per 1,000"
3788,2010,Total U.S.,18-19 years,58.2,"258,505","258,505",58.2,"per 1,000"
3789,2010,Utah,18-19 years,46.4,"2,170","258,505",58.2,"per 1,000"
3790,2010,Vermont,18-19 years,30.5,310,"258,505",58.2,"per 1,000"
3791,2010,Virginia,18-19 years,47.8,"5,418","258,505",58.2,"per 1,000"
3792,2010,Washington,18-19 years,46.7,"4,277","258,505",58.2,"per 1,000"
3793,2010,West Virginia,18-19 years,75.6,"1,914","258,505",58.2,"per 1,000"
3794,2010,Wisconsin,18-19 years,47.2,"3,755","258,505",58.2,"per 1,000"
3795,2010,Wyoming,18-19 years,68.9,542,"258,505",58.2,"per 1,000"
3796,2011,Alabama,18-19 years,68.8,"4,626","234,234",54.1,"per 1,000"
3797,2011,Alaska,18-19 years,73.9,679,"234,234",54.1,"per 1,000"
3798,2011,Arizona,18-19 years,68.4,"5,940","234,234",54.1,"per 1,000"
3799,2011,Arkansas,18-19 years,91.0,"3,522","234,234",54.1,"per 1,000"
3800,2011,California,18-19 years,49.5,"26,470","234,234",54.1,"per 1,000"
3801,2011,Colorado,18-19 years,49.7,"3,351","234,234",54.1,"per 1,000"
3802,2011,Connecticut,18-19 years,29.4,"1,485","234,234",54.1,"per 1,000"
3803,2011,Delaware,18-19 years,48.8,652,"234,234",54.1,"per 1,000"
3804,2011,District of Columbia,18-19 years,49.1,600,"234,234",54.1,"per 1,000"
3805,2011,Florida,18-19 years,52.7,"12,406","234,234",54.1,"per 1,000"
3806,2011,Georgia,18-19 years,66.0,"9,152","234,234",54.1,"per 1,000"
3807,2011,Hawaii,18-19 years,58.9,902,"234,234",54.1,"per 1,000"
3808,2011,Idaho,18-19 years,50.7,"1,200","234,234",54.1,"per 1,000"
3809,2011,Illinois,18-19 years,50.6,"8,935","234,234",54.1,"per 1,000"
3810,2011,Indiana,18-19 years,61.2,"5,785","234,234",54.1,"per 1,000"
3811,2011,Iowa,18-19 years,43.0,"1,965","234,234",54.1,"per 1,000"
3812,2011,Kansas,18-19 years,63.3,"2,597","234,234",54.1,"per 1,000"
3813,2011,Kentucky,18-19 years,78.1,"4,482","234,234",54.1,"per 1,000"
3814,2011,Louisiana,18-19 years,79.8,"5,089","234,234",54.1,"per 1,000"
3815,2011,Maine,18-19 years,36.9,641,"234,234",54.1,"per 1,000"
3816,2011,Maryland,18-19 years,43.1,"3,400","234,234",54.1,"per 1,000"
3817,2011,Massachusetts,18-19 years,24.4,"2,490","234,234",54.1,"per 1,000"
3818,2011,Michigan,18-19 years,49.3,"7,076","234,234",54.1,"per 1,000"
3819,2011,Minnesota,18-19 years,34.3,"2,537","234,234",54.1,"per 1,000"
3820,2011,Mississippi,18-19 years,83.8,"3,737","234,234",54.1,"per 1,000"
3821,2011,Missouri,18-19 years,60.8,"5,073","234,234",54.1,"per 1,000"
3822,2011,Montana,18-19 years,52.5,699,"234,234",54.1,"per 1,000"
3823,2011,Nebraska,18-19 years,46.9,"1,272","234,234",54.1,"per 1,000"
3824,2011,Nevada,18-19 years,66.3,"2,085","234,234",54.1,"per 1,000"
3825,2011,New Hampshire,18-19 years,24.5,487,"234,234",54.1,"per 1,000"
3826,2011,New Jersey,18-19 years,34.9,"3,791","234,234",54.1,"per 1,000"
3827,2011,New Mexico,18-19 years,82.1,"2,342","234,234",54.1,"per 1,000"
3828,2011,New York,18-19 years,36.7,"9,895","234,234",54.1,"per 1,000"
3829,2011,North Carolina,18-19 years,60.0,"8,015","234,234",54.1,"per 1,000"
3830,2011,North Dakota,18-19 years,47.9,516,"234,234",54.1,"per 1,000"
3831,2011,Ohio,18-19 years,56.4,"8,994","234,234",54.1,"per 1,000"
3832,2011,Oklahoma,18-19 years,82.7,"4,340","234,234",54.1,"per 1,000"
3833,2011,Oregon,18-19 years,45.7,"2,283","234,234",54.1,"per 1,000"
3834,2011,Pennsylvania,18-19 years,40.5,"7,662","234,234",54.1,"per 1,000"
3835,2011,Rhode Island,18-19 years,30.4,580,"234,234",54.1,"per 1,000"
3836,2011,South Carolina,18-19 years,65.3,"4,341","234,234",54.1,"per 1,000"
3837,2011,South Dakota,18-19 years,59.9,719,"234,234",54.1,"per 1,000"
3838,2011,Tennessee,18-19 years,73.8,"6,206","234,234",54.1,"per 1,000"
3839,2011,Texas,18-19 years,79.0,"28,691","234,234",54.1,"per 1,000"
3840,2011,Total U.S.,18-19 years,54.1,"234,234","234,234",54.1,"per 1,000"
3841,2011,Utah,18-19 years,39.2,"1,842","234,234",54.1,"per 1,000"
3842,2011,Vermont,18-19 years,26.1,280,"234,234",54.1,"per 1,000"
3843,2011,Virginia,18-19 years,42.7,"4,815","234,234",54.1,"per 1,000"
3844,2011,Washington,18-19 years,46.0,"4,009","234,234",54.1,"per 1,000"
3845,2011,West Virginia,18-19 years,74.7,"1,792","234,234",54.1,"per 1,000"
3846,2011,Wisconsin,18-19 years,40.5,"3,314","234,234",54.1,"per 1,000"
3847,2011,Wyoming,18-19 years,63.7,472,"234,234",54.1,"per 1,000"
3848,2012,Alabama,18-19 years,69.4,"4,470","218,965",51.4,"per 1,000"
3849,2012,Alaska,18-19 years,71.2,635,"218,965",51.4,"per 1,000"
3850,2012,Arizona,18-19 years,66.1,"5,667","218,965",51.4,"per 1,000"
3851,2012,Arkansas,18-19 years,82.5,"3,127","218,965",51.4,"per 1,000"
3852,2012,California,18-19 years,46.2,"24,545","218,965",51.4,"per 1,000"
3853,2012,Colorado,18-19 years,44.2,"2,981","218,965",51.4,"per 1,000"
3854,2012,Connecticut,18-19 years,25.7,"1,361","218,965",51.4,"per 1,000"
3855,2012,Delaware,18-19 years,41.6,563,"218,965",51.4,"per 1,000"
3856,2012,District of Columbia,18-19 years,45.0,552,"218,965",51.4,"per 1,000"
3857,2012,Florida,18-19 years,51.4,"11,731","218,965",51.4,"per 1,000"
3858,2012,Georgia,18-19 years,59.3,"8,269","218,965",51.4,"per 1,000"
3859,2012,Hawaii,18-19 years,53.5,825,"218,965",51.4,"per 1,000"
3860,2012,Idaho,18-19 years,53.6,"1,177","218,965",51.4,"per 1,000"
3861,2012,Illinois,18-19 years,49.3,"8,536","218,965",51.4,"per 1,000"
3862,2012,Indiana,18-19 years,58.5,"5,314","218,965",51.4,"per 1,000"
3863,2012,Iowa,18-19 years,41.7,"1,863","218,965",51.4,"per 1,000"
3864,2012,Kansas,18-19 years,62.4,"2,473","218,965",51.4,"per 1,000"
3865,2012,Kentucky,18-19 years,76.4,"4,210","218,965",51.4,"per 1,000"
3866,2012,Louisiana,18-19 years,77.8,"4,718","218,965",51.4,"per 1,000"
3867,2012,Maine,18-19 years,36.1,626,"218,965",51.4,"per 1,000"
3868,2012,Maryland,18-19 years,38.6,"3,092","218,965",51.4,"per 1,000"
3869,2012,Massachusetts,18-19 years,22.5,"2,383","218,965",51.4,"per 1,000"
3870,2012,Michigan,18-19 years,47.2,"6,527","218,965",51.4,"per 1,000"
3871,2012,Minnesota,18-19 years,33.0,"2,415","218,965",51.4,"per 1,000"
3872,2012,Mississippi,18-19 years,80.1,"3,433","218,965",51.4,"per 1,000"
3873,2012,Missouri,18-19 years,58.9,"4,704","218,965",51.4,"per 1,000"
3874,2012,Montana,18-19 years,51.9,663,"218,965",51.4,"per 1,000"
3875,2012,Nebraska,18-19 years,46.0,"1,218","218,965",51.4,"per 1,000"
3876,2012,Nevada,18-19 years,65.8,"2,043","218,965",51.4,"per 1,000"
3877,2012,New Hampshire,18-19 years,23.6,469,"218,965",51.4,"per 1,000"
3878,2012,New Jersey,18-19 years,31.0,"3,429","218,965",51.4,"per 1,000"
3879,2012,New Mexico,18-19 years,82.7,"2,276","218,965",51.4,"per 1,000"
3880,2012,New York,18-19 years,33.5,"9,081","218,965",51.4,"per 1,000"
3881,2012,North Carolina,18-19 years,54.3,"7,247","218,965",51.4,"per 1,000"
3882,2012,North Dakota,18-19 years,43.2,454,"218,965",51.4,"per 1,000"
3883,2012,Ohio,18-19 years,54.0,"8,431","218,965",51.4,"per 1,000"
3884,2012,Oklahoma,18-19 years,83.1,"4,177","218,965",51.4,"per 1,000"
3885,2012,Oregon,18-19 years,42.9,"2,053","218,965",51.4,"per 1,000"
3886,2012,Pennsylvania,18-19 years,38.6,"7,163","218,965",51.4,"per 1,000"
3887,2012,Rhode Island,18-19 years,29.1,550,"218,965",51.4,"per 1,000"
3888,2012,South Carolina,18-19 years,62.5,"4,039","218,965",51.4,"per 1,000"
3889,2012,South Dakota,18-19 years,56.4,665,"218,965",51.4,"per 1,000"
3890,2012,Tennessee,18-19 years,70.3,"5,784","218,965",51.4,"per 1,000"
3891,2012,Texas,18-19 years,76.6,"27,513","218,965",51.4,"per 1,000"
3892,2012,Total U.S.,18-19 years,51.4,"218,965","218,965",51.4,"per 1,000"
3893,2012,Utah,18-19 years,42.8,"1,826","218,965",51.4,"per 1,000"
3894,2012,Vermont,18-19 years,25.8,276,"218,965",51.4,"per 1,000"
3895,2012,Virginia,18-19 years,40.0,"4,516","218,965",51.4,"per 1,000"
3896,2012,Washington,18-19 years,42.7,"3,632","218,965",51.4,"per 1,000"
3897,2012,West Virginia,18-19 years,78.8,"1,758","218,965",51.4,"per 1,000"
3898,2012,Wisconsin,18-19 years,37.8,"3,024","218,965",51.4,"per 1,000"
3899,2012,Wyoming,18-19 years,65.4,481,"218,965",51.4,"per 1,000"
3900,2013,Alabama,18-19 years,61.4,"3,921","199,407",47.3,"per 1,000"
3901,2013,Alaska,18-19 years,63.2,546,"199,407",47.3,"per 1,000"
3902,2013,Arizona,18-19 years,59.7,"5,221","199,407",47.3,"per 1,000"
3903,2013,Arkansas,18-19 years,82.7,"3,096","199,407",47.3,"per 1,000"
3904,2013,California,18-19 years,41.9,"21,980","199,407",47.3,"per 1,000"
3905,2013,Colorado,18-19 years,40.5,"2,705","199,407",47.3,"per 1,000"
3906,2013,Connecticut,18-19 years,22.0,"1,161","199,407",47.3,"per 1,000"
3907,2013,Delaware,18-19 years,39.9,527,"199,407",47.3,"per 1,000"
3908,2013,District of Columbia,18-19 years,37.4,452,"199,407",47.3,"per 1,000"
3909,2013,Florida,18-19 years,45.5,"10,263","199,407",47.3,"per 1,000"
3910,2013,Georgia,18-19 years,54.9,"7,523","199,407",47.3,"per 1,000"
3911,2013,Hawaii,18-19 years,48.0,729,"199,407",47.3,"per 1,000"
3912,2013,Idaho,18-19 years,51.8,"1,113","199,407",47.3,"per 1,000"
3913,2013,Illinois,18-19 years,44.0,"7,535","199,407",47.3,"per 1,000"
3914,2013,Indiana,18-19 years,54.9,"4,943","199,407",47.3,"per 1,000"
3915,2013,Iowa,18-19 years,38.6,"1,709","199,407",47.3,"per 1,000"
3916,2013,Kansas,18-19 years,54.6,"2,147","199,407",47.3,"per 1,000"
3917,2013,Kentucky,18-19 years,74.1,"4,036","199,407",47.3,"per 1,000"
3918,2013,Louisiana,18-19 years,72.2,"4,261","199,407",47.3,"per 1,000"
3919,2013,Maine,18-19 years,31.8,531,"199,407",47.3,"per 1,000"
3920,2013,Maryland,18-19 years,34.1,"2,663","199,407",47.3,"per 1,000"
3921,2013,Massachusetts,18-19 years,19.1,"2,000","199,407",47.3,"per 1,000"
3922,2013,Michigan,18-19 years,42.5,"5,774","199,407",47.3,"per 1,000"
3923,2013,Minnesota,18-19 years,30.5,"2,192","199,407",47.3,"per 1,000"
3924,2013,Mississippi,18-19 years,75.4,"3,185","199,407",47.3,"per 1,000"
3925,2013,Missouri,18-19 years,55.7,"4,355","199,407",47.3,"per 1,000"
3926,2013,Montana,18-19 years,50.0,626,"199,407",47.3,"per 1,000"
3927,2013,Nebraska,18-19 years,43.5,"1,140","199,407",47.3,"per 1,000"
3928,2013,Nevada,18-19 years,61.5,"1,931","199,407",47.3,"per 1,000"
3929,2013,New Hampshire,18-19 years,22.8,442,"199,407",47.3,"per 1,000"
3930,2013,New Jersey,18-19 years,27.6,"3,005","199,407",47.3,"per 1,000"
3931,2013,New Mexico,18-19 years,74.2,"2,050","199,407",47.3,"per 1,000"
3932,2013,New York,18-19 years,30.5,"8,148","199,407",47.3,"per 1,000"
3933,2013,North Carolina,18-19 years,49.8,"6,598","199,407",47.3,"per 1,000"
3934,2013,North Dakota,18-19 years,40.6,438,"199,407",47.3,"per 1,000"
3935,2013,Ohio,18-19 years,50.0,"7,711","199,407",47.3,"per 1,000"
3936,2013,Oklahoma,18-19 years,76.1,"3,792","199,407",47.3,"per 1,000"
3937,2013,Oregon,18-19 years,39.4,"1,900","199,407",47.3,"per 1,000"
3938,2013,Pennsylvania,18-19 years,34.6,"6,250","199,407",47.3,"per 1,000"
3939,2013,Rhode Island,18-19 years,26.3,483,"199,407",47.3,"per 1,000"
3940,2013,South Carolina,18-19 years,55.0,"3,502","199,407",47.3,"per 1,000"
3941,2013,South Dakota,18-19 years,51.3,598,"199,407",47.3,"per 1,000"
3942,2013,Tennessee,18-19 years,64.0,"5,250","199,407",47.3,"per 1,000"
3943,2013,Texas,18-19 years,72.0,"25,795","199,407",47.3,"per 1,000"
3944,2013,Total U.S.,18-19 years,47.3,"199,407","199,407",47.3,"per 1,000"
3945,2013,Utah,18-19 years,39.0,"1,682","199,407",47.3,"per 1,000"
3946,2013,Vermont,18-19 years,24.7,262,"199,407",47.3,"per 1,000"
3947,2013,Virginia,18-19 years,36.5,"4,090","199,407",47.3,"per 1,000"
3948,2013,Washington,18-19 years,38.7,"3,241","199,407",47.3,"per 1,000"
3949,2013,West Virginia,18-19 years,73.4,"1,630","199,407",47.3,"per 1,000"
3950,2013,Wisconsin,18-19 years,35.2,"2,754","199,407",47.3,"per 1,000"
3951,2013,Wyoming,18-19 years,54.1,399,"199,407",47.3,"per 1,000"
3952,2014,Alabama,18-19 years,58.4,"3,651","182,287",43.8,"per 1,000"
3953,2014,Alaska,18-19 years,59.5,505,"182,287",43.8,"per 1,000"
3954,2014,Arizona,18-19 years,55.0,"4,839","182,287",43.8,"per 1,000"
3955,2014,Arkansas,18-19 years,75.7,"2,837","182,287",43.8,"per 1,000"
3956,2014,California,18-19 years,38.0,"19,700","182,287",43.8,"per 1,000"
3957,2014,Colorado,18-19 years,37.2,"2,491","182,287",43.8,"per 1,000"
3958,2014,Connecticut,18-19 years,19.7,"1,029","182,287",43.8,"per 1,000"
3959,2014,Delaware,18-19 years,34.5,445,"182,287",43.8,"per 1,000"
3960,2014,District of Columbia,18-19 years,32.4,391,"182,287",43.8,"per 1,000"
3961,2014,Florida,18-19 years,42.8,"9,609","182,287",43.8,"per 1,000"
3962,2014,Georgia,18-19 years,52.3,"7,100","182,287",43.8,"per 1,000"
3963,2014,Hawaii,18-19 years,43.9,668,"182,287",43.8,"per 1,000"
3964,2014,Idaho,18-19 years,45.8,992,"182,287",43.8,"per 1,000"
3965,2014,Illinois,18-19 years,41.7,"6,970","182,287",43.8,"per 1,000"
3966,2014,Indiana,18-19 years,52.1,"4,642","182,287",43.8,"per 1,000"
3967,2014,Iowa,18-19 years,34.9,"1,536","182,287",43.8,"per 1,000"
3968,2014,Kansas,18-19 years,50.7,"1,990","182,287",43.8,"per 1,000"
3969,2014,Kentucky,18-19 years,66.6,"3,648","182,287",43.8,"per 1,000"
3970,2014,Louisiana,18-19 years,67.4,"3,859","182,287",43.8,"per 1,000"
3971,2014,Maine,18-19 years,30.6,499,"182,287",43.8,"per 1,000"
3972,2014,Maryland,18-19 years,31.4,"2,422","182,287",43.8,"per 1,000"
3973,2014,Massachusetts,18-19 years,17.2,"1,805","182,287",43.8,"per 1,000"
3974,2014,Michigan,18-19 years,39.3,"5,220","182,287",43.8,"per 1,000"
3975,2014,Minnesota,18-19 years,28.4,"2,001","182,287",43.8,"per 1,000"
3976,2014,Mississippi,18-19 years,67.3,"2,802","182,287",43.8,"per 1,000"
3977,2014,Missouri,18-19 years,50.4,"3,876","182,287",43.8,"per 1,000"
3978,2014,Montana,18-19 years,46.2,570,"182,287",43.8,"per 1,000"
3979,2014,Nebraska,18-19 years,39.8,"1,038","182,287",43.8,"per 1,000"
3980,2014,Nevada,18-19 years,56.6,"1,785","182,287",43.8,"per 1,000"
3981,2014,New Hampshire,18-19 years,19.6,374,"182,287",43.8,"per 1,000"
3982,2014,New Jersey,18-19 years,25.0,"2,674","182,287",43.8,"per 1,000"
3983,2014,New Mexico,18-19 years,66.0,"1,775","182,287",43.8,"per 1,000"
3984,2014,New York,18-19 years,28.1,"7,384","182,287",43.8,"per 1,000"
3985,2014,North Carolina,18-19 years,45.5,"5,978","182,287",43.8,"per 1,000"
3986,2014,North Dakota,18-19 years,42.1,453,"182,287",43.8,"per 1,000"
3987,2014,Ohio,18-19 years,46.9,"7,067","182,287",43.8,"per 1,000"
3988,2014,Oklahoma,18-19 years,71.8,"3,528","182,287",43.8,"per 1,000"
3989,2014,Oregon,18-19 years,37.6,"1,781","182,287",43.8,"per 1,000"
3990,2014,Pennsylvania,18-19 years,32.7,"5,798","182,287",43.8,"per 1,000"
3991,2014,Rhode Island,18-19 years,24.3,445,"182,287",43.8,"per 1,000"
3992,2014,South Carolina,18-19 years,50.1,"3,111","182,287",43.8,"per 1,000"
3993,2014,South Dakota,18-19 years,44.6,519,"182,287",43.8,"per 1,000"
3994,2014,Tennessee,18-19 years,62.7,"5,061","182,287",43.8,"per 1,000"
3995,2014,Texas,18-19 years,67.7,"24,419","182,287",43.8,"per 1,000"
3996,2014,Total U.S.,18-19 years,43.8,"182,287","182,287",43.8,"per 1,000"
3997,2014,Utah,18-19 years,37.9,"1,625","182,287",43.8,"per 1,000"
3998,2014,Vermont,18-19 years,23.6,245,"182,287",43.8,"per 1,000"
3999,2014,Virginia,18-19 years,33.2,"3,681","182,287",43.8,"per 1,000"
4000,2014,Washington,18-19 years,36.2,"3,014","182,287",43.8,"per 1,000"
4001,2014,West Virginia,18-19 years,66.9,"1,466","182,287",43.8,"per 1,000"
4002,2014,Wisconsin,18-19 years,33.0,"2,554","182,287",43.8,"per 1,000"
4003,2014,Wyoming,18-19 years,58.7,415,"182,287",43.8,"per 1,000"
4004,2015,Alabama,18-19 years,55.8,"3,444","168,531",40.7,"per 1,000"
4005,2015,Alaska,18-19 years,63.8,520,"168,531",40.7,"per 1,000"
4006,2015,Arizona,18-19 years,48.2,"4,307","168,531",40.7,"per 1,000"
4007,2015,Arkansas,18-19 years,72.4,"2,764","168,531",40.7,"per 1,000"
4008,2015,California,18-19 years,34.6,"17,727","168,531",40.7,"per 1,000"
4009,2015,Colorado,18-19 years,35.9,"2,418","168,531",40.7,"per 1,000"
4010,2015,Connecticut,18-19 years,17.7,917,"168,531",40.7,"per 1,000"
4011,2015,Delaware,18-19 years,31.5,398,"168,531",40.7,"per 1,000"
4012,2015,District of Columbia,18-19 years,30.5,360,"168,531",40.7,"per 1,000"
4013,2015,Florida,18-19 years,39.7,"8,854","168,531",40.7,"per 1,000"
4014,2015,Georgia,18-19 years,47.4,"6,440","168,531",40.7,"per 1,000"
4015,2015,Hawaii,18-19 years,40.7,605,"168,531",40.7,"per 1,000"
4016,2015,Idaho,18-19 years,44.9,988,"168,531",40.7,"per 1,000"
4017,2015,Illinois,18-19 years,38.5,"6,306","168,531",40.7,"per 1,000"
4018,2015,Indiana,18-19 years,48.7,"4,314","168,531",40.7,"per 1,000"
4019,2015,Iowa,18-19 years,33.5,"1,477","168,531",40.7,"per 1,000"
4020,2015,Kansas,18-19 years,48.9,"1,903","168,531",40.7,"per 1,000"
4021,2015,Kentucky,18-19 years,61.9,"3,383","168,531",40.7,"per 1,000"
4022,2015,Louisiana,18-19 years,65.1,"3,689","168,531",40.7,"per 1,000"
4023,2015,Maine,18-19 years,29.8,480,"168,531",40.7,"per 1,000"
4024,2015,Maryland,18-19 years,29.6,"2,267","168,531",40.7,"per 1,000"
4025,2015,Massachusetts,18-19 years,15.3,"1,601","168,531",40.7,"per 1,000"
4026,2015,Michigan,18-19 years,36.8,"4,823","168,531",40.7,"per 1,000"
4027,2015,Minnesota,18-19 years,25.7,"1,792","168,531",40.7,"per 1,000"
4028,2015,Mississippi,18-19 years,62.8,"2,555","168,531",40.7,"per 1,000"
4029,2015,Missouri,18-19 years,47.6,"3,631","168,531",40.7,"per 1,000"
4030,2015,Montana,18-19 years,48.2,590,"168,531",40.7,"per 1,000"
4031,2015,Nebraska,18-19 years,39.1,"1,018","168,531",40.7,"per 1,000"
4032,2015,Nevada,18-19 years,56.0,"1,732","168,531",40.7,"per 1,000"
4033,2015,New Hampshire,18-19 years,19.5,367,"168,531",40.7,"per 1,000"
4034,2015,New Jersey,18-19 years,23.3,"2,456","168,531",40.7,"per 1,000"
4035,2015,New Mexico,18-19 years,61.4,"1,626","168,531",40.7,"per 1,000"
4036,2015,New York,18-19 years,25.4,"6,541","168,531",40.7,"per 1,000"
4037,2015,North Carolina,18-19 years,42.1,"5,535","168,531",40.7,"per 1,000"
4038,2015,North Dakota,18-19 years,36.6,399,"168,531",40.7,"per 1,000"
4039,2015,Ohio,18-19 years,43.4,"6,462","168,531",40.7,"per 1,000"
4040,2015,Oklahoma,18-19 years,64.2,"3,166","168,531",40.7,"per 1,000"
4041,2015,Oregon,18-19 years,36.1,"1,710","168,531",40.7,"per 1,000"
4042,2015,Pennsylvania,18-19 years,30.3,"5,301","168,531",40.7,"per 1,000"
4043,2015,Rhode Island,18-19 years,21.4,389,"168,531",40.7,"per 1,000"
4044,2015,South Carolina,18-19 years,47.8,"2,978","168,531",40.7,"per 1,000"
4045,2015,South Dakota,18-19 years,50.2,565,"168,531",40.7,"per 1,000"
4046,2015,Tennessee,18-19 years,58.8,"4,687","168,531",40.7,"per 1,000"
4047,2015,Texas,18-19 years,63.0,"22,983","168,531",40.7,"per 1,000"
4048,2015,Total U.S.,18-19 years,40.7,"168,531","168,531",40.7,"per 1,000"
4049,2015,Utah,18-19 years,34.5,"1,532","168,531",40.7,"per 1,000"
4050,2015,Vermont,18-19 years,19.8,202,"168,531",40.7,"per 1,000"
4051,2015,Virginia,18-19 years,31.3,"3,452","168,531",40.7,"per 1,000"
4052,2015,Washington,18-19 years,33.9,"2,816","168,531",40.7,"per 1,000"
4053,2015,West Virginia,18-19 years,61.6,"1,320","168,531",40.7,"per 1,000"
4054,2015,Wisconsin,18-19 years,30.4,"2,334","168,531",40.7,"per 1,000"
4055,2015,Wyoming,18-19 years,59.2,407,"168,531",40.7,"per 1,000"
4160,2016,Alabama,18-19 years,52.1,"3,249","155,068",37.5,"per 1,000"
4161,2016,Alaska,18-19 years,57.9,469,"155,068",37.5,"per 1,000"
4162,2016,Arizona,18-19 years,43.5,"3,931","155,068",37.5,"per 1,000"
4163,2016,Arkansas,18-19 years,66.4,"2,549","155,068",37.5,"per 1,000"
4164,2016,California,18-19 years,31.2,"15,795","155,068",37.5,"per 1,000"
4165,2016,Colorado,18-19 years,32.7,"2,253","155,068",37.5,"per 1,000"
4166,2016,Connecticut,18-19 years,17.1,874,"155,068",37.5,"per 1,000"
4167,2016,Delaware,18-19 years,34.6,435,"155,068",37.5,"per 1,000"
4168,2016,District of Columbia,18-19 years,27.9,320,"155,068",37.5,"per 1,000"
4169,2016,Florida,18-19 years,37.0,"8,335","155,068",37.5,"per 1,000"
4170,2016,Georgia,18-19 years,44.4,"6,066","155,068",37.5,"per 1,000"
4171,2016,Hawaii,18-19 years,39.8,579,"155,068",37.5,"per 1,000"
4172,2016,Idaho,18-19 years,40.7,891,"155,068",37.5,"per 1,000"
4173,2016,Illinois,18-19 years,35.6,"5,711","155,068",37.5,"per 1,000"
4174,2016,Indiana,18-19 years,44.6,"3,955","155,068",37.5,"per 1,000"
4175,2016,Iowa,18-19 years,31.5,"1,408","155,068",37.5,"per 1,000"
4176,2016,Kansas,18-19 years,40.6,"1,574","155,068",37.5,"per 1,000"
4177,2016,Kentucky,18-19 years,59.5,"3,313","155,068",37.5,"per 1,000"
4178,2016,Louisiana,18-19 years,59.6,"3,382","155,068",37.5,"per 1,000"
4179,2016,Maine,18-19 years,29.1,467,"155,068",37.5,"per 1,000"
4180,2016,Maryland,18-19 years,29.1,"2,201","155,068",37.5,"per 1,000"
4181,2016,Massachusetts,18-19 years,13.9,"1,455","155,068",37.5,"per 1,000"
4182,2016,Michigan,18-19 years,33.4,"4,382","155,068",37.5,"per 1,000"
4183,2016,Minnesota,18-19 years,24.4,"1,688","155,068",37.5,"per 1,000"
4184,2016,Mississippi,18-19 years,59.2,"2,407","155,068",37.5,"per 1,000"
4185,2016,Missouri,18-19 years,44.8,"3,404","155,068",37.5,"per 1,000"
4186,2016,Montana,18-19 years,45.3,551,"155,068",37.5,"per 1,000"
4187,2016,Nebraska,18-19 years,34.3,895,"155,068",37.5,"per 1,000"
4188,2016,Nevada,18-19 years,49.9,"1,540","155,068",37.5,"per 1,000"
4189,2016,New Hampshire,18-19 years,16.8,307,"155,068",37.5,"per 1,000"
4190,2016,New Jersey,18-19 years,21.6,"2,269","155,068",37.5,"per 1,000"
4191,2016,New Mexico,18-19 years,53.0,"1,395","155,068",37.5,"per 1,000"
4192,2016,New York,18-19 years,23.5,"5,961","155,068",37.5,"per 1,000"
4193,2016,North Carolina,18-19 years,39.7,"5,281","155,068",37.5,"per 1,000"
4194,2016,North Dakota,18-19 years,34.1,361,"155,068",37.5,"per 1,000"
4195,2016,Ohio,18-19 years,41.2,"6,121","155,068",37.5,"per 1,000"
4196,2016,Oklahoma,18-19 years,63.2,"3,148","155,068",37.5,"per 1,000"
4197,2016,Oregon,18-19 years,31.8,"1,524","155,068",37.5,"per 1,000"
4198,2016,Pennsylvania,18-19 years,27.5,"4,723","155,068",37.5,"per 1,000"
4199,2016,Rhode Island,18-19 years,20.2,366,"155,068",37.5,"per 1,000"
4200,2016,South Carolina,18-19 years,43.8,"2,758","155,068",37.5,"per 1,000"
4201,2016,South Dakota,18-19 years,43.2,481,"155,068",37.5,"per 1,000"
4202,2016,Tennessee,18-19 years,54.7,"4,362","155,068",37.5,"per 1,000"
4203,2016,Texas,18-19 years,56.5,"20,829","155,068",37.5,"per 1,000"
4204,2016,Total U.S.,18-19 years,37.5,"155,068","155,068",37.5,"per 1,000"
4205,2016,Utah,18-19 years,30.7,"1,382","155,068",37.5,"per 1,000"
4206,2016,Vermont,18-19 years,16.1,163,"155,068",37.5,"per 1,000"
4207,2016,Virginia,18-19 years,28.7,"3,149","155,068",37.5,"per 1,000"
4208,2016,Washington,18-19 years,32.5,"2,730","155,068",37.5,"per 1,000"
4209,2016,West Virginia,18-19 years,56.1,"1,182","155,068",37.5,"per 1,000"
4210,2016,Wisconsin,18-19 years,27.9,"2,134","155,068",37.5,"per 1,000"
4211,2016,Wyoming,18-19 years,51.2,363,"155,068",37.5,"per 1,000"
4420,2017,Alabama,18-19 years,50.6,"3,165","145,830",35.1,"per 1,000"
4421,2017,Alaska,18-19 years,47.0,372,"145,830",35.1,"per 1,000"
4422,2017,Arizona,18-19 years,41.1,"3,741","145,830",35.1,"per 1,000"
4423,2017,Arkansas,18-19 years,63.1,"2,428","145,830",35.1,"per 1,000"
4424,2017,California,18-19 years,28.0,"14,153","145,830",35.1,"per 1,000"
4425,2017,Colorado,18-19 years,30.1,"2,081","145,830",35.1,"per 1,000"
4426,2017,Connecticut,18-19 years,15.3,781,"145,830",35.1,"per 1,000"
4427,2017,Delaware,18-19 years,30.8,391,"145,830",35.1,"per 1,000"
4428,2017,District of Columbia,18-19 years,24.4,283,"145,830",35.1,"per 1,000"
4429,2017,Florida,18-19 years,35.6,"8,149","145,830",35.1,"per 1,000"
4430,2017,Georgia,18-19 years,42.1,"5,868","145,830",35.1,"per 1,000"
4431,2017,Hawaii,18-19 years,40.1,572,"145,830",35.1,"per 1,000"
4432,2017,Idaho,18-19 years,39.7,890,"145,830",35.1,"per 1,000"
4433,2017,Illinois,18-19 years,33.3,"5,304","145,830",35.1,"per 1,000"
4434,2017,Indiana,18-19 years,43.7,"3,901","145,830",35.1,"per 1,000"
4435,2017,Iowa,18-19 years,28.8,"1,282","145,830",35.1,"per 1,000"
4436,2017,Kansas,18-19 years,41.2,"1,598","145,830",35.1,"per 1,000"
4437,2017,Kentucky,18-19 years,56.7,"3,190","145,830",35.1,"per 1,000"
4438,2017,Louisiana,18-19 years,57.1,"3,228","145,830",35.1,"per 1,000"
4439,2017,Maine,18-19 years,24.9,399,"145,830",35.1,"per 1,000"
4440,2017,Maryland,18-19 years,25.9,"1,954","145,830",35.1,"per 1,000"
4441,2017,Massachusetts,18-19 years,13.1,"1,372","145,830",35.1,"per 1,000"
4442,2017,Michigan,18-19 years,30.4,"3,993","145,830",35.1,"per 1,000"
4443,2017,Minnesota,18-19 years,23.5,"1,638","145,830",35.1,"per 1,000"
4444,2017,Mississippi,18-19 years,57.2,"2,341","145,830",35.1,"per 1,000"
4445,2017,Missouri,18-19 years,43.5,"3,302","145,830",35.1,"per 1,000"
4446,2017,Montana,18-19 years,41.3,495,"145,830",35.1,"per 1,000"
4447,2017,Nebraska,18-19 years,33.4,868,"145,830",35.1,"per 1,000"
4448,2017,Nevada,18-19 years,45.2,"1,422","145,830",35.1,"per 1,000"
4449,2017,New Hampshire,18-19 years,15.7,285,"145,830",35.1,"per 1,000"
4450,2017,New Jersey,18-19 years,20.6,"2,152","145,830",35.1,"per 1,000"
4451,2017,New Mexico,18-19 years,49.0,"1,315","145,830",35.1,"per 1,000"
4452,2017,New York,18-19 years,22.6,"5,680","145,830",35.1,"per 1,000"
4453,2017,North Carolina,18-19 years,37.8,"5,096","145,830",35.1,"per 1,000"
4454,2017,North Dakota,18-19 years,28.7,290,"145,830",35.1,"per 1,000"
4455,2017,Ohio,18-19 years,39.4,"5,923","145,830",35.1,"per 1,000"
4456,2017,Oklahoma,18-19 years,56.1,"2,824","145,830",35.1,"per 1,000"
4457,2017,Oregon,18-19 years,29.8,"1,432","145,830",35.1,"per 1,000"
4458,2017,Pennsylvania,18-19 years,25.9,"4,417","145,830",35.1,"per 1,000"
4459,2017,Rhode Island,18-19 years,17.6,319,"145,830",35.1,"per 1,000"
4460,2017,South Carolina,18-19 years,39.8,"2,546","145,830",35.1,"per 1,000"
4461,2017,South Dakota,18-19 years,42.0,467,"145,830",35.1,"per 1,000"
4462,2017,Tennessee,18-19 years,52.1,"4,203","145,830",35.1,"per 1,000"
4463,2017,Texas,18-19 years,51.1,"19,216","145,830",35.1,"per 1,000"
4464,2017,Total U.S.,18-19 years,35.1,"145,830","145,830",35.1,"per 1,000"
4465,2017,Utah,18-19 years,30.1,"1,380","145,830",35.1,"per 1,000"
4466,2017,Vermont,18-19 years,16.8,169,"145,830",35.1,"per 1,000"
4467,2017,Virginia,18-19 years,28.1,"3,074","145,830",35.1,"per 1,000"
4468,2017,Washington,18-19 years,29.4,"2,461","145,830",35.1,"per 1,000"
4469,2017,West Virginia,18-19 years,53.7,"1,126","145,830",35.1,"per 1,000"
4470,2017,Wisconsin,18-19 years,25.6,"1,959","145,830",35.1,"per 1,000"
4471,2017,Wyoming,18-19 years,49.6,335,"145,830",35.1,"per 1,000"
4472,2018,Alabama,18-19 years,46.7,"2,945","135,580",32.3,"per 1,000"
4473,2018,Alaska,18-19 years,43.9,344,"135,580",32.3,"per 1,000"
4474,2018,Arizona,18-19 years,36.2,"3,432","135,580",32.3,"per 1,000"
4475,2018,Arkansas,18-19 years,57.7,"2,229","135,580",32.3,"per 1,000"
4476,2018,California,18-19 years,25.2,"12,734","135,580",32.3,"per 1,000"
4477,2018,Colorado,18-19 years,26.4,"1,879","135,580",32.3,"per 1,000"
4478,2018,Connecticut,18-19 years,15.2,777,"135,580",32.3,"per 1,000"
4479,2018,Delaware,18-19 years,29.4,376,"135,580",32.3,"per 1,000"
4480,2018,District of Columbia,18-19 years,21.5,248,"135,580",32.3,"per 1,000"
4481,2018,Florida,18-19 years,31.8,"7,469","135,580",32.3,"per 1,000"
4482,2018,Georgia,18-19 years,38.3,"5,500","135,580",32.3,"per 1,000"
4483,2018,Hawaii,18-19 years,33.5,483,"135,580",32.3,"per 1,000"
4484,2018,Idaho,18-19 years,32.5,761,"135,580",32.3,"per 1,000"
4485,2018,Illinois,18-19 years,30.1,"4,814","135,580",32.3,"per 1,000"
4486,2018,Indiana,18-19 years,41.6,"3,737","135,580",32.3,"per 1,000"
4487,2018,Iowa,18-19 years,27.1,"1,209","135,580",32.3,"per 1,000"
4488,2018,Kansas,18-19 years,37.7,"1,472","135,580",32.3,"per 1,000"
4489,2018,Kentucky,18-19 years,51.9,"2,931","135,580",32.3,"per 1,000"
4490,2018,Louisiana,18-19 years,52.8,"2,998","135,580",32.3,"per 1,000"
4491,2018,Maine,18-19 years,20.9,325,"135,580",32.3,"per 1,000"
4492,2018,Maryland,18-19 years,26.0,"1,974","135,580",32.3,"per 1,000"
4493,2018,Massachusetts,18-19 years,12.1,"1,273","135,580",32.3,"per 1,000"
4494,2018,Michigan,18-19 years,30.1,"3,933","135,580",32.3,"per 1,000"
4495,2018,Minnesota,18-19 years,20.0,"1,392","135,580",32.3,"per 1,000"
4496,2018,Mississippi,18-19 years,50.1,"2,093","135,580",32.3,"per 1,000"
4497,2018,Missouri,18-19 years,41.0,"3,127","135,580",32.3,"per 1,000"
4498,2018,Montana,18-19 years,33.5,407,"135,580",32.3,"per 1,000"
4499,2018,Nebraska,18-19 years,31.3,818,"135,580",32.3,"per 1,000"
4500,2018,Nevada,18-19 years,42.1,"1,345","135,580",32.3,"per 1,000"
4501,2018,New Hampshire,18-19 years,14.8,267,"135,580",32.3,"per 1,000"
4502,2018,New Jersey,18-19 years,20.2,"2,102","135,580",32.3,"per 1,000"
4503,2018,New Mexico,18-19 years,46.7,"1,269","135,580",32.3,"per 1,000"
4504,2018,New York,18-19 years,21.2,"5,205","135,580",32.3,"per 1,000"
4505,2018,North Carolina,18-19 years,33.8,"4,747","135,580",32.3,"per 1,000"
4506,2018,North Dakota,18-19 years,28.0,276,"135,580",32.3,"per 1,000"
4507,2018,Ohio,18-19 years,35.7,"5,378","135,580",32.3,"per 1,000"
4508,2018,Oklahoma,18-19 years,52.4,"2,668","135,580",32.3,"per 1,000"
4509,2018,Oregon,18-19 years,25.7,"1,240","135,580",32.3,"per 1,000"
4510,2018,Pennsylvania,18-19 years,24.3,"4,152","135,580",32.3,"per 1,000"
4511,2018,Rhode Island,18-19 years,17.0,301,"135,580",32.3,"per 1,000"
4512,2018,South Carolina,18-19 years,40.1,"2,637","135,580",32.3,"per 1,000"
4513,2018,South Dakota,18-19 years,35.6,403,"135,580",32.3,"per 1,000"
4514,2018,Tennessee,18-19 years,49.7,"4,066","135,580",32.3,"per 1,000"
4515,2018,Texas,18-19 years,47.1,"18,185","135,580",32.3,"per 1,000"
4516,2018,Total U.S.,18-19 years,32.3,"135,580","135,580",32.3,"per 1,000"
4517,2018,Utah,18-19 years,26.2,"1,240","135,580",32.3,"per 1,000"
4518,2018,Vermont,18-19 years,15.2,156,"135,580",32.3,"per 1,000"
4519,2018,Virginia,18-19 years,26.2,"2,918","135,580",32.3,"per 1,000"
4520,2018,Washington,18-19 years,25.0,"2,128","135,580",32.3,"per 1,000"
4521,2018,West Virginia,18-19 years,50.4,"1,057","135,580",32.3,"per 1,000"
4522,2018,Wisconsin,18-19 years,24.4,"1,865","135,580",32.3,"per 1,000"
4523,2018,Wyoming,18-19 years,43.6,295,"135,580",32.3,"per 1,000"
