Index,LocationType,Location,TimeFrame,DataFormat,Data
0,Country,United States,2000-01-01,Number,1554000
1,Country,United States,2000-01-01,Percent,0.11
2,Country,United States,2001-01-01,Percent,0.1
3,Country,United States,2001-01-01,Number,1428000
4,Country,United States,2002-01-01,Number,1285000
5,Country,United States,2002-01-01,Percent,0.09
6,Country,United States,2003-01-01,Percent,0.08
7,Country,United States,2003-01-01,Number,1131000
8,Country,United States,2004-01-01,Number,1138000
9,Country,United States,2004-01-01,Percent,0.08
10,Country,United States,2005-01-01,Percent,0.07
11,Country,United States,2005-01-01,Number,1114000
12,Country,United States,2006-01-01,Number,1150000
13,Country,United States,2006-01-01,Percent,0.07
14,Country,United States,2007-01-01,Percent,0.07
15,Country,United States,2007-01-01,Number,1172000
16,Country,United States,2008-01-01,Number,1122000
17,Country,United States,2008-01-01,Percent,0.06
18,Country,United States,2013-01-01,Percent,0.04
19,Country,United States,2018-01-01,Number,659000
20,Country,United States,2013-01-01,Number,730000
21,Country,United States,2018-01-01,Percent,0.04
22,Country,United States,2009-01-01,Percent,0.06
23,Country,United States,2009-01-01,Number,1053000
24,Country,United States,2010-01-01,Number,1000000
25,Country,United States,2010-01-01,Percent,0.06
26,Country,United States,2015-01-01,Percent,0.04
27,Country,United States,2011-01-01,Number,864000
28,Country,United States,2015-01-01,Number,685000
29,Country,United States,2011-01-01,Percent,0.05
30,Country,United States,2012-01-01,Percent,0.04
31,Country,United States,2014-01-01,Number,690000
32,Country,United States,2012-01-01,Number,775000
33,Country,United States,2014-01-01,Percent,0.04
34,Country,United States,2016-01-01,Percent,0.04
35,Country,United States,2016-01-01,Number,707000
36,Country,United States,2017-01-01,Number,669000
37,Country,United States,2017-01-01,Percent,0.04
38,Country,United States,2019-01-01,Percent,0.04
39,Country,United States,2019-01-01,Number,637000
40,State,Alabama,2019-01-01,Number,10000
41,State,Alabama,2017-01-01,Percent,0.05
42,State,Alabama,2019-01-01,Percent,0.04
43,State,Alabama,2016-01-01,Number,10000
44,State,Alabama,2017-01-01,Number,13000
45,State,Alabama,2014-01-01,Percent,0.05
46,State,Alabama,2016-01-01,Percent,0.04
47,State,Alabama,2012-01-01,Number,16000
48,State,Alabama,2014-01-01,Number,14000
49,State,Alabama,2011-01-01,Percent,0.06
50,State,Alabama,2012-01-01,Percent,0.06
51,State,Alabama,2011-01-01,Number,17000
52,State,Alabama,2010-01-01,Percent,0.08
53,State,Alabama,2015-01-01,Percent,0.04
54,State,Alabama,2015-01-01,Number,11000
55,State,Alabama,2010-01-01,Number,21000
56,State,Alabama,2009-01-01,Number,19000
57,State,Alabama,2018-01-01,Percent,0.03
58,State,Alabama,2009-01-01,Percent,0.07
59,State,Alabama,2013-01-01,Number,13000
60,State,Alabama,2018-01-01,Number,9000
61,State,Alabama,2013-01-01,Percent,0.05
62,State,Alabama,2008-01-01,Percent,0.08
63,State,Alabama,2008-01-01,Number,21000
64,State,Alabama,2007-01-01,Number,26000
65,State,Alabama,2006-01-01,Percent,0.09
66,State,Alabama,2007-01-01,Percent,0.1
67,State,Alabama,2005-01-01,Number,22000
68,State,Alabama,2006-01-01,Number,24000
69,State,Alabama,2005-01-01,Percent,0.09
70,State,Alabama,2004-01-01,Percent,0.07
71,State,Alabama,2003-01-01,Number,24000
72,State,Alabama,2004-01-01,Number,15000
73,State,Alabama,2002-01-01,Percent,0.15
74,State,Alabama,2003-01-01,Percent,0.1
75,State,Alabama,2002-01-01,Number,36000
76,State,Alabama,2001-01-01,Percent,0.12
77,State,Alabama,2000-01-01,Percent,0.13
78,State,Alabama,2001-01-01,Number,27000
79,State,Alabama,2000-01-01,Number,31000
80,State,Alaska,2000-01-01,Number,3000
81,State,Alaska,2001-01-01,Percent,0.1
82,State,Alaska,2001-01-01,Number,4000
83,State,Alaska,2000-01-01,Percent,0.08
84,State,Alaska,2002-01-01,Number,2000
85,State,Alaska,2003-01-01,Percent,0.1
86,State,Alaska,2002-01-01,Percent,0.06
87,State,Alaska,2004-01-01,Number,2000
88,State,Alaska,2003-01-01,Number,4000
89,State,Alaska,2004-01-01,Percent,0.05
90,State,Alaska,2005-01-01,Percent,0.09
91,State,Alaska,2006-01-01,Number,3000
92,State,Alaska,2005-01-01,Number,4000
93,State,Alaska,2006-01-01,Percent,0.07
94,State,Alaska,2007-01-01,Percent,0.07
95,State,Alaska,2007-01-01,Number,3000
96,State,Alaska,2008-01-01,Number,4000
97,State,Alaska,2008-01-01,Percent,0.1
98,State,Alaska,2013-01-01,Percent,0.06
99,State,Alaska,2018-01-01,Number,1000
100,State,Alaska,2013-01-01,Number,2000
101,State,Alaska,2009-01-01,Percent,0.05
102,State,Alaska,2009-01-01,Number,3000
103,State,Alaska,2010-01-01,Number,3000
104,State,Alaska,2018-01-01,Percent,0.04
105,State,Alaska,2015-01-01,Number,2000
106,State,Alaska,2010-01-01,Percent,0.06
107,State,Alaska,2015-01-01,Percent,0.05
108,State,Alaska,2011-01-01,Number,3000
109,State,Alaska,2012-01-01,Percent,0.05
110,State,Alaska,2011-01-01,Percent,0.07
111,State,Alaska,2012-01-01,Number,2000
112,State,Alaska,2014-01-01,Number,2000
113,State,Alaska,2016-01-01,Percent,0.03
114,State,Alaska,2014-01-01,Percent,0.04
115,State,Alaska,2017-01-01,Number,1000
116,State,Alaska,2016-01-01,Number,1000
117,State,Alaska,2019-01-01,Percent,0.04
118,State,Alaska,2017-01-01,Percent,0.03
119,State,Alaska,2019-01-01,Number,2000
120,State,Arizona,2019-01-01,Number,20000
121,State,Arizona,2017-01-01,Percent,0.05
122,State,Arizona,2019-01-01,Percent,0.05
123,State,Arizona,2016-01-01,Number,21000
124,State,Arizona,2017-01-01,Number,21000
125,State,Arizona,2014-01-01,Percent,0.05
126,State,Arizona,2016-01-01,Percent,0.05
127,State,Arizona,2014-01-01,Number,19000
128,State,Arizona,2012-01-01,Number,20000
129,State,Arizona,2011-01-01,Percent,0.07
130,State,Arizona,2012-01-01,Percent,0.06
131,State,Arizona,2011-01-01,Number,24000
132,State,Arizona,2010-01-01,Percent,0.08
133,State,Arizona,2015-01-01,Percent,0.06
134,State,Arizona,2015-01-01,Number,23000
135,State,Arizona,2010-01-01,Number,30000
136,State,Arizona,2009-01-01,Number,27000
137,State,Arizona,2018-01-01,Percent,0.06
138,State,Arizona,2009-01-01,Percent,0.08
139,State,Arizona,2013-01-01,Number,21000
140,State,Arizona,2018-01-01,Number,22000
141,State,Arizona,2013-01-01,Percent,0.06
142,State,Arizona,2008-01-01,Percent,0.09
143,State,Arizona,2008-01-01,Number,32000
144,State,Arizona,2007-01-01,Number,34000
145,State,Arizona,2006-01-01,Percent,0.09
146,State,Arizona,2007-01-01,Percent,0.1
147,State,Arizona,2005-01-01,Number,28000
148,State,Arizona,2006-01-01,Number,31000
149,State,Arizona,2004-01-01,Percent,0.11
150,State,Arizona,2005-01-01,Percent,0.09
151,State,Arizona,2003-01-01,Number,35000
152,State,Arizona,2004-01-01,Number,31000
153,State,Arizona,2002-01-01,Percent,0.12
154,State,Arizona,2003-01-01,Percent,0.12
155,State,Arizona,2002-01-01,Number,34000
156,State,Arizona,2000-01-01,Percent,0.18
157,State,Arizona,2001-01-01,Percent,0.14
158,State,Arizona,2001-01-01,Number,39000
159,State,Arizona,2000-01-01,Number,49000
160,State,Arkansas,2000-01-01,Number,17000
161,State,Arkansas,2001-01-01,Percent,0.07
162,State,Arkansas,2000-01-01,Percent,0.12
163,State,Arkansas,2001-01-01,Number,10000
164,State,Arkansas,2002-01-01,Number,14000
165,State,Arkansas,2002-01-01,Percent,0.1
166,State,Arkansas,2003-01-01,Percent,0.06
167,State,Arkansas,2004-01-01,Number,10000
168,State,Arkansas,2003-01-01,Number,9000
169,State,Arkansas,2005-01-01,Percent,0.08
170,State,Arkansas,2004-01-01,Percent,0.07
171,State,Arkansas,2006-01-01,Number,10000
172,State,Arkansas,2005-01-01,Number,12000
173,State,Arkansas,2007-01-01,Percent,0.07
174,State,Arkansas,2006-01-01,Percent,0.06
175,State,Arkansas,2007-01-01,Number,11000
176,State,Arkansas,2008-01-01,Number,15000
177,State,Arkansas,2013-01-01,Percent,0.05
178,State,Arkansas,2008-01-01,Percent,0.09
179,State,Arkansas,2018-01-01,Number,8000
180,State,Arkansas,2013-01-01,Number,7000
181,State,Arkansas,2018-01-01,Percent,0.05
182,State,Arkansas,2009-01-01,Percent,0.07
183,State,Arkansas,2009-01-01,Number,11000
184,State,Arkansas,2010-01-01,Number,14000
185,State,Arkansas,2015-01-01,Number,9000
186,State,Arkansas,2010-01-01,Percent,0.08
187,State,Arkansas,2015-01-01,Percent,0.05
188,State,Arkansas,2011-01-01,Number,7000
189,State,Arkansas,2012-01-01,Percent,0.06
190,State,Arkansas,2011-01-01,Percent,0.04
191,State,Arkansas,2012-01-01,Number,9000
192,State,Arkansas,2014-01-01,Number,8000
193,State,Arkansas,2014-01-01,Percent,0.05
194,State,Arkansas,2016-01-01,Percent,0.05
195,State,Arkansas,2017-01-01,Number,6000
196,State,Arkansas,2016-01-01,Number,8000
197,State,Arkansas,2017-01-01,Percent,0.04
198,State,Arkansas,2019-01-01,Percent,0.04
199,State,Arkansas,2019-01-01,Number,6000
200,State,California,2019-01-01,Number,48000
201,State,California,2019-01-01,Percent,0.02
202,State,California,2017-01-01,Percent,0.03
203,State,California,2016-01-01,Number,62000
204,State,California,2017-01-01,Number,57000
205,State,California,2014-01-01,Percent,0.03
206,State,California,2016-01-01,Percent,0.03
207,State,California,2012-01-01,Number,79000
208,State,California,2014-01-01,Number,62000
209,State,California,2011-01-01,Percent,0.04
210,State,California,2012-01-01,Percent,0.04
211,State,California,2011-01-01,Number,88000
212,State,California,2010-01-01,Percent,0.05
213,State,California,2015-01-01,Percent,0.03
214,State,California,2015-01-01,Number,59000
215,State,California,2010-01-01,Number,114000
216,State,California,2009-01-01,Number,113000
217,State,California,2009-01-01,Percent,0.05
218,State,California,2018-01-01,Percent,0.02
219,State,California,2013-01-01,Number,73000
220,State,California,2018-01-01,Number,50000
221,State,California,2008-01-01,Percent,0.06
222,State,California,2013-01-01,Percent,0.03
223,State,California,2008-01-01,Number,141000
224,State,California,2007-01-01,Number,144000
225,State,California,2007-01-01,Percent,0.07
226,State,California,2006-01-01,Percent,0.06
227,State,California,2005-01-01,Number,134000
228,State,California,2006-01-01,Number,141000
229,State,California,2004-01-01,Percent,0.06
230,State,California,2005-01-01,Percent,0.07
231,State,California,2003-01-01,Number,136000
232,State,California,2004-01-01,Number,123000
233,State,California,2003-01-01,Percent,0.07
234,State,California,2002-01-01,Percent,0.08
235,State,California,2002-01-01,Number,143000
236,State,California,2001-01-01,Number,188000
237,State,California,2000-01-01,Percent,0.1
238,State,California,2001-01-01,Percent,0.1
239,State,California,2000-01-01,Number,180000
240,State,Colorado,2000-01-01,Number,25000
241,State,Colorado,2001-01-01,Percent,0.14
242,State,Colorado,2000-01-01,Percent,0.11
243,State,Colorado,2001-01-01,Number,32000
244,State,Colorado,2002-01-01,Number,25000
245,State,Colorado,2002-01-01,Percent,0.11
246,State,Colorado,2003-01-01,Percent,0.07
247,State,Colorado,2004-01-01,Number,18000
248,State,Colorado,2003-01-01,Number,17000
249,State,Colorado,2004-01-01,Percent,0.08
250,State,Colorado,2005-01-01,Percent,0.08
251,State,Colorado,2006-01-01,Number,23000
252,State,Colorado,2005-01-01,Number,19000
253,State,Colorado,2006-01-01,Percent,0.09
254,State,Colorado,2007-01-01,Percent,0.07
255,State,Colorado,2007-01-01,Number,18000
256,State,Colorado,2008-01-01,Number,20000
257,State,Colorado,2008-01-01,Percent,0.08
258,State,Colorado,2013-01-01,Percent,0.04
259,State,Colorado,2018-01-01,Number,11000
260,State,Colorado,2013-01-01,Number,11000
261,State,Colorado,2018-01-01,Percent,0.04
262,State,Colorado,2009-01-01,Percent,0.08
263,State,Colorado,2009-01-01,Number,20000
264,State,Colorado,2010-01-01,Number,15000
265,State,Colorado,2015-01-01,Number,14000
266,State,Colorado,2015-01-01,Percent,0.05
267,State,Colorado,2010-01-01,Percent,0.05
268,State,Colorado,2011-01-01,Number,16000
269,State,Colorado,2012-01-01,Percent,0.04
270,State,Colorado,2011-01-01,Percent,0.06
271,State,Colorado,2012-01-01,Number,11000
272,State,Colorado,2014-01-01,Number,13000
273,State,Colorado,2016-01-01,Percent,0.05
274,State,Colorado,2014-01-01,Percent,0.05
275,State,Colorado,2017-01-01,Number,12000
276,State,Colorado,2016-01-01,Number,13000
277,State,Colorado,2017-01-01,Percent,0.04
278,State,Colorado,2019-01-01,Percent,0.04
279,State,Colorado,2019-01-01,Number,11000
280,State,Connecticut,2019-01-01,Number,4000
281,State,Connecticut,2019-01-01,Percent,0.02
282,State,Connecticut,2017-01-01,Percent,0.02
283,State,Connecticut,2016-01-01,Number,6000
284,State,Connecticut,2017-01-01,Number,3000
285,State,Connecticut,2014-01-01,Percent,0.03
286,State,Connecticut,2016-01-01,Percent,0.03
287,State,Connecticut,2014-01-01,Number,6000
288,State,Connecticut,2012-01-01,Number,6000
289,State,Connecticut,2011-01-01,Percent,0.04
290,State,Connecticut,2012-01-01,Percent,0.03
291,State,Connecticut,2011-01-01,Number,7000
292,State,Connecticut,2010-01-01,Percent,0.04
293,State,Connecticut,2015-01-01,Percent,0.03
294,State,Connecticut,2015-01-01,Number,5000
295,State,Connecticut,2009-01-01,Number,9000
296,State,Connecticut,2010-01-01,Number,8000
297,State,Connecticut,2009-01-01,Percent,0.04
298,State,Connecticut,2018-01-01,Percent,0.02
299,State,Connecticut,2013-01-01,Number,6000
300,State,Connecticut,2018-01-01,Number,4000
301,State,Connecticut,2008-01-01,Percent,0.05
302,State,Connecticut,2013-01-01,Percent,0.03
303,State,Connecticut,2008-01-01,Number,10000
304,State,Connecticut,2007-01-01,Number,8000
305,State,Connecticut,2007-01-01,Percent,0.04
306,State,Connecticut,2006-01-01,Percent,0.04
307,State,Connecticut,2005-01-01,Number,7000
308,State,Connecticut,2006-01-01,Number,8000
309,State,Connecticut,2004-01-01,Percent,0.04
310,State,Connecticut,2005-01-01,Percent,0.04
311,State,Connecticut,2003-01-01,Number,13000
312,State,Connecticut,2004-01-01,Number,7000
313,State,Connecticut,2003-01-01,Percent,0.08
314,State,Connecticut,2002-01-01,Percent,0.06
315,State,Connecticut,2002-01-01,Number,10000
316,State,Connecticut,2001-01-01,Number,11000
317,State,Connecticut,2000-01-01,Percent,0.11
318,State,Connecticut,2001-01-01,Percent,0.07
319,State,Connecticut,2000-01-01,Number,16000
320,State,Delaware,2000-01-01,Number,5000
321,State,Delaware,2001-01-01,Percent,0.12
322,State,Delaware,2000-01-01,Percent,0.12
323,State,Delaware,2001-01-01,Number,4000
324,State,Delaware,2002-01-01,Number,4000
325,State,Delaware,2002-01-01,Percent,0.1
326,State,Delaware,2003-01-01,Percent,0.07
327,State,Delaware,2004-01-01,Number,3000
328,State,Delaware,2003-01-01,Number,3000
329,State,Delaware,2005-01-01,Percent,0.09
330,State,Delaware,2004-01-01,Percent,0.08
331,State,Delaware,2006-01-01,Number,3000
332,State,Delaware,2005-01-01,Number,4000
333,State,Delaware,2006-01-01,Percent,0.07
334,State,Delaware,2007-01-01,Percent,0.09
335,State,Delaware,2007-01-01,Number,4000
336,State,Delaware,2008-01-01,Number,4000
337,State,Delaware,2013-01-01,Percent,0.03
338,State,Delaware,2008-01-01,Percent,0.07
339,State,Delaware,2013-01-01,Number,1000
340,State,Delaware,2018-01-01,Number,2000
341,State,Delaware,2018-01-01,Percent,0.04
342,State,Delaware,2009-01-01,Percent,0.06
343,State,Delaware,2010-01-01,Number,3000
344,State,Delaware,2009-01-01,Number,3000
345,State,Delaware,2015-01-01,Number,2000
346,State,Delaware,2011-01-01,Number,3000
347,State,Delaware,2010-01-01,Percent,0.06
348,State,Delaware,2015-01-01,Percent,0.05
349,State,Delaware,2011-01-01,Percent,0.07
350,State,Delaware,2012-01-01,Percent,0.06
351,State,Delaware,2012-01-01,Number,3000
352,State,Delaware,2014-01-01,Number,1000
353,State,Delaware,2016-01-01,Percent,0.06
354,State,Delaware,2014-01-01,Percent,0.03
355,State,Delaware,2017-01-01,Number,1000
356,State,Delaware,2016-01-01,Number,3000
357,State,Delaware,2017-01-01,Percent,0.03
358,State,Delaware,2019-01-01,Percent,0.04
359,State,Delaware,2019-01-01,Number,2000
360,City,District of Columbia,2019-01-01,Number,1000
361,City,District of Columbia,2017-01-01,Percent,0.04
362,City,District of Columbia,2019-01-01,Percent,0.02
363,City,District of Columbia,2016-01-01,Number,<500
364,City,District of Columbia,2017-01-01,Number,1000
365,City,District of Columbia,2014-01-01,Percent,0.03
366,City,District of Columbia,2016-01-01,Percent,0.01
367,City,District of Columbia,2014-01-01,Number,1000
368,City,District of Columbia,2012-01-01,Number,1000
369,City,District of Columbia,2011-01-01,Percent,0.06
370,City,District of Columbia,2012-01-01,Percent,0.04
371,City,District of Columbia,2011-01-01,Number,2000
372,City,District of Columbia,2010-01-01,Percent,0.05
373,City,District of Columbia,2015-01-01,Percent,0.02
374,City,District of Columbia,2015-01-01,Number,1000
375,City,District of Columbia,2010-01-01,Number,2000
376,City,District of Columbia,2009-01-01,Number,3000
377,City,District of Columbia,2018-01-01,Percent,0.02
378,City,District of Columbia,2009-01-01,Percent,0.07
379,City,District of Columbia,2018-01-01,Number,1000
380,City,District of Columbia,2013-01-01,Number,2000
381,City,District of Columbia,2008-01-01,Percent,0.07
382,City,District of Columbia,2013-01-01,Percent,0.06
383,City,District of Columbia,2008-01-01,Number,3000
384,City,District of Columbia,2007-01-01,Number,3000
385,City,District of Columbia,2007-01-01,Percent,0.08
386,City,District of Columbia,2006-01-01,Percent,0.07
387,City,District of Columbia,2006-01-01,Number,2000
388,City,District of Columbia,2005-01-01,Number,1000
389,City,District of Columbia,2004-01-01,Percent,0.1
390,City,District of Columbia,2005-01-01,Percent,0.08
391,City,District of Columbia,2003-01-01,Number,1000
392,City,District of Columbia,2004-01-01,Number,1000
393,City,District of Columbia,2003-01-01,Percent,0.06
394,City,District of Columbia,2002-01-01,Percent,0.12
395,City,District of Columbia,2002-01-01,Number,2000
396,City,District of Columbia,2001-01-01,Number,2000
397,City,District of Columbia,2000-01-01,Percent,0.13
398,City,District of Columbia,2001-01-01,Percent,0.14
399,City,District of Columbia,2000-01-01,Number,3000
400,State,Florida,2000-01-01,Number,88000
401,State,Florida,2001-01-01,Percent,0.11
402,State,Florida,2000-01-01,Percent,0.12
403,State,Florida,2001-01-01,Number,85000
404,State,Florida,2002-01-01,Number,66000
405,State,Florida,2002-01-01,Percent,0.09
406,State,Florida,2003-01-01,Percent,0.08
407,State,Florida,2004-01-01,Number,70000
408,State,Florida,2003-01-01,Number,61000
409,State,Florida,2005-01-01,Percent,0.08
410,State,Florida,2004-01-01,Percent,0.08
411,State,Florida,2005-01-01,Number,75000
412,State,Florida,2006-01-01,Number,74000
413,State,Florida,2006-01-01,Percent,0.08
414,State,Florida,2007-01-01,Percent,0.09
415,State,Florida,2007-01-01,Number,81000
416,State,Florida,2008-01-01,Number,65000
417,State,Florida,2013-01-01,Percent,0.05
418,State,Florida,2008-01-01,Percent,0.07
419,State,Florida,2018-01-01,Number,49000
420,State,Florida,2013-01-01,Number,48000
421,State,Florida,2018-01-01,Percent,0.05
422,State,Florida,2009-01-01,Percent,0.07
423,State,Florida,2009-01-01,Number,67000
424,State,Florida,2010-01-01,Number,58000
425,State,Florida,2015-01-01,Number,49000
426,State,Florida,2011-01-01,Number,56000
427,State,Florida,2010-01-01,Percent,0.06
428,State,Florida,2015-01-01,Percent,0.05
429,State,Florida,2011-01-01,Percent,0.06
430,State,Florida,2012-01-01,Percent,0.05
431,State,Florida,2012-01-01,Number,48000
432,State,Florida,2014-01-01,Number,47000
433,State,Florida,2016-01-01,Percent,0.05
434,State,Florida,2014-01-01,Percent,0.05
435,State,Florida,2017-01-01,Number,47000
436,State,Florida,2016-01-01,Number,45000
437,State,Florida,2017-01-01,Percent,0.05
438,State,Florida,2019-01-01,Percent,0.04
439,State,Florida,2019-01-01,Number,37000
440,State,Georgia,2019-01-01,Number,30000
441,State,Georgia,2019-01-01,Percent,0.05
442,State,Georgia,2017-01-01,Percent,0.05
443,State,Georgia,2016-01-01,Number,30000
444,State,Georgia,2017-01-01,Number,28000
445,State,Georgia,2014-01-01,Percent,0.05
446,State,Georgia,2016-01-01,Percent,0.05
447,State,Georgia,2014-01-01,Number,28000
448,State,Georgia,2012-01-01,Number,34000
449,State,Georgia,2012-01-01,Percent,0.06
450,State,Georgia,2011-01-01,Percent,0.07
451,State,Georgia,2015-01-01,Percent,0.05
452,State,Georgia,2010-01-01,Percent,0.07
453,State,Georgia,2011-01-01,Number,40000
454,State,Georgia,2015-01-01,Number,29000
455,State,Georgia,2010-01-01,Number,43000
456,State,Georgia,2009-01-01,Number,45000
457,State,Georgia,2009-01-01,Percent,0.07
458,State,Georgia,2018-01-01,Percent,0.04
459,State,Georgia,2018-01-01,Number,27000
460,State,Georgia,2008-01-01,Percent,0.08
461,State,Georgia,2013-01-01,Percent,0.06
462,State,Georgia,2013-01-01,Number,33000
463,State,Georgia,2008-01-01,Number,49000
464,State,Georgia,2007-01-01,Number,57000
465,State,Georgia,2007-01-01,Percent,0.1
466,State,Georgia,2006-01-01,Percent,0.09
467,State,Georgia,2006-01-01,Number,52000
468,State,Georgia,2005-01-01,Number,49000
469,State,Georgia,2004-01-01,Percent,0.12
470,State,Georgia,2005-01-01,Percent,0.1
471,State,Georgia,2003-01-01,Number,46000
472,State,Georgia,2004-01-01,Number,53000
473,State,Georgia,2003-01-01,Percent,0.11
474,State,Georgia,2002-01-01,Percent,0.13
475,State,Georgia,2002-01-01,Number,60000
476,State,Georgia,2001-01-01,Number,58000
477,State,Georgia,2000-01-01,Percent,0.16
478,State,Georgia,2001-01-01,Percent,0.14
479,State,Georgia,2000-01-01,Number,70000
480,State,Hawaii,2000-01-01,Number,3000
481,State,Hawaii,2001-01-01,Percent,0.08
482,State,Hawaii,2000-01-01,Percent,0.05
483,State,Hawaii,2001-01-01,Number,5000
484,State,Hawaii,2002-01-01,Number,5000
485,State,Hawaii,2002-01-01,Percent,0.08
486,State,Hawaii,2003-01-01,Percent,0.05
487,State,Hawaii,2004-01-01,Number,2000
488,State,Hawaii,2003-01-01,Number,3000
489,State,Hawaii,2004-01-01,Percent,0.04
490,State,Hawaii,2005-01-01,Percent,0.03
491,State,Hawaii,2005-01-01,Number,2000
492,State,Hawaii,2006-01-01,Number,4000
493,State,Hawaii,2006-01-01,Percent,0.06
494,State,Hawaii,2007-01-01,Percent,0.04
495,State,Hawaii,2007-01-01,Number,3000
496,State,Hawaii,2008-01-01,Number,5000
497,State,Hawaii,2013-01-01,Number,2000
498,State,Hawaii,2013-01-01,Percent,0.04
499,State,Hawaii,2008-01-01,Percent,0.08
500,State,Hawaii,2018-01-01,Number,3000
501,State,Hawaii,2018-01-01,Percent,0.04
502,State,Hawaii,2009-01-01,Percent,0.07
503,State,Hawaii,2009-01-01,Number,5000
504,State,Hawaii,2010-01-01,Number,3000
505,State,Hawaii,2015-01-01,Number,2000
506,State,Hawaii,2011-01-01,Number,3000
507,State,Hawaii,2010-01-01,Percent,0.04
508,State,Hawaii,2015-01-01,Percent,0.03
509,State,Hawaii,2011-01-01,Percent,0.04
510,State,Hawaii,2012-01-01,Percent,0.04
511,State,Hawaii,2012-01-01,Number,3000
512,State,Hawaii,2014-01-01,Number,3000
513,State,Hawaii,2016-01-01,Percent,0.03
514,State,Hawaii,2014-01-01,Percent,0.04
515,State,Hawaii,2017-01-01,Number,2000
516,State,Hawaii,2016-01-01,Number,2000
517,State,Hawaii,2017-01-01,Percent,0.03
518,State,Hawaii,2019-01-01,Percent,0.03
519,State,Hawaii,2019-01-01,Number,2000
520,State,Idaho,2019-01-01,Number,3000
521,State,Idaho,2019-01-01,Percent,0.03
522,State,Idaho,2016-01-01,Number,3000
523,State,Idaho,2017-01-01,Percent,0.05
524,State,Idaho,2017-01-01,Number,5000
525,State,Idaho,2014-01-01,Percent,0.04
526,State,Idaho,2016-01-01,Percent,0.04
527,State,Idaho,2012-01-01,Number,4000
528,State,Idaho,2014-01-01,Number,3000
529,State,Idaho,2012-01-01,Percent,0.04
530,State,Idaho,2011-01-01,Percent,0.04
531,State,Idaho,2015-01-01,Percent,0.06
532,State,Idaho,2010-01-01,Percent,0.05
533,State,Idaho,2011-01-01,Number,4000
534,State,Idaho,2015-01-01,Number,6000
535,State,Idaho,2010-01-01,Number,5000
536,State,Idaho,2009-01-01,Number,6000
537,State,Idaho,2009-01-01,Percent,0.06
538,State,Idaho,2018-01-01,Percent,0.05
539,State,Idaho,2018-01-01,Number,5000
540,State,Idaho,2008-01-01,Percent,0.06
541,State,Idaho,2013-01-01,Percent,0.06
542,State,Idaho,2013-01-01,Number,6000
543,State,Idaho,2008-01-01,Number,6000
544,State,Idaho,2007-01-01,Number,6000
545,State,Idaho,2007-01-01,Percent,0.08
546,State,Idaho,2006-01-01,Percent,0.07
547,State,Idaho,2006-01-01,Number,6000
548,State,Idaho,2005-01-01,Number,7000
549,State,Idaho,2005-01-01,Percent,0.09
550,State,Idaho,2004-01-01,Percent,0.06
551,State,Idaho,2003-01-01,Number,6000
552,State,Idaho,2004-01-01,Number,5000
553,State,Idaho,2003-01-01,Percent,0.07
554,State,Idaho,2002-01-01,Percent,0.09
555,State,Idaho,2002-01-01,Number,8000
556,State,Idaho,2001-01-01,Number,9000
557,State,Idaho,2000-01-01,Percent,0.1
558,State,Idaho,2001-01-01,Percent,0.1
559,State,Idaho,2000-01-01,Number,9000
560,State,Illinois,2000-01-01,Number,60000
561,State,Illinois,2001-01-01,Percent,0.1
562,State,Illinois,2000-01-01,Percent,0.09
563,State,Illinois,2001-01-01,Number,65000
564,State,Illinois,2002-01-01,Number,49000
565,State,Illinois,2002-01-01,Percent,0.08
566,State,Illinois,2003-01-01,Percent,0.08
567,State,Illinois,2004-01-01,Number,41000
568,State,Illinois,2003-01-01,Number,49000
569,State,Illinois,2004-01-01,Percent,0.06
570,State,Illinois,2005-01-01,Percent,0.07
571,State,Illinois,2005-01-01,Number,44000
572,State,Illinois,2006-01-01,Number,41000
573,State,Illinois,2006-01-01,Percent,0.06
574,State,Illinois,2007-01-01,Percent,0.06
575,State,Illinois,2007-01-01,Number,45000
576,State,Illinois,2008-01-01,Number,44000
577,State,Illinois,2013-01-01,Number,25000
578,State,Illinois,2013-01-01,Percent,0.04
579,State,Illinois,2008-01-01,Percent,0.06
580,State,Illinois,2018-01-01,Number,23000
581,State,Illinois,2018-01-01,Percent,0.03
582,State,Illinois,2009-01-01,Percent,0.06
583,State,Illinois,2009-01-01,Number,44000
584,State,Illinois,2010-01-01,Number,37000
585,State,Illinois,2015-01-01,Number,23000
586,State,Illinois,2011-01-01,Number,36000
587,State,Illinois,2010-01-01,Percent,0.05
588,State,Illinois,2015-01-01,Percent,0.03
589,State,Illinois,2011-01-01,Percent,0.05
590,State,Illinois,2012-01-01,Percent,0.04
591,State,Illinois,2012-01-01,Number,26000
592,State,Illinois,2014-01-01,Number,25000
593,State,Illinois,2016-01-01,Percent,0.04
594,State,Illinois,2014-01-01,Percent,0.04
595,State,Illinois,2017-01-01,Number,25000
596,State,Illinois,2017-01-01,Percent,0.04
597,State,Illinois,2016-01-01,Number,26000
598,State,Illinois,2019-01-01,Percent,0.04
599,State,Illinois,2019-01-01,Number,24000
600,State,Indiana,2019-01-01,Number,21000
601,State,Indiana,2019-01-01,Percent,0.06
602,State,Indiana,2016-01-01,Number,18000
603,State,Indiana,2017-01-01,Percent,0.06
604,State,Indiana,2017-01-01,Number,22000
605,State,Indiana,2014-01-01,Percent,0.05
606,State,Indiana,2016-01-01,Percent,0.05
607,State,Indiana,2014-01-01,Number,18000
608,State,Indiana,2012-01-01,Number,23000
609,State,Indiana,2012-01-01,Percent,0.06
610,State,Indiana,2011-01-01,Percent,0.06
611,State,Indiana,2015-01-01,Percent,0.05
612,State,Indiana,2010-01-01,Percent,0.07
613,State,Indiana,2011-01-01,Number,23000
614,State,Indiana,2015-01-01,Number,18000
615,State,Indiana,2010-01-01,Number,25000
616,State,Indiana,2009-01-01,Number,27000
617,State,Indiana,2009-01-01,Percent,0.07
618,State,Indiana,2018-01-01,Percent,0.05
619,State,Indiana,2018-01-01,Number,19000
620,State,Indiana,2008-01-01,Percent,0.08
621,State,Indiana,2013-01-01,Percent,0.05
622,State,Indiana,2013-01-01,Number,19000
623,State,Indiana,2008-01-01,Number,30000
624,State,Indiana,2007-01-01,Number,25000
625,State,Indiana,2007-01-01,Percent,0.07
626,State,Indiana,2006-01-01,Percent,0.08
627,State,Indiana,2006-01-01,Number,28000
628,State,Indiana,2005-01-01,Number,27000
629,State,Indiana,2005-01-01,Percent,0.09
630,State,Indiana,2004-01-01,Percent,0.13
631,State,Indiana,2003-01-01,Number,34000
632,State,Indiana,2004-01-01,Number,40000
633,State,Indiana,2003-01-01,Percent,0.11
634,State,Indiana,2002-01-01,Percent,0.13
635,State,Indiana,2002-01-01,Number,39000
636,State,Indiana,2001-01-01,Number,45000
637,State,Indiana,2000-01-01,Percent,0.13
638,State,Indiana,2001-01-01,Percent,0.14
639,State,Indiana,2000-01-01,Number,44000
640,State,Iowa,2000-01-01,Number,8000
641,State,Iowa,2001-01-01,Percent,0.04
642,State,Iowa,2000-01-01,Percent,0.05
643,State,Iowa,2001-01-01,Number,6000
644,State,Iowa,2002-01-01,Percent,0.05
645,State,Iowa,2002-01-01,Number,7000
646,State,Iowa,2003-01-01,Percent,0.07
647,State,Iowa,2004-01-01,Number,5000
648,State,Iowa,2003-01-01,Number,9000
649,State,Iowa,2004-01-01,Percent,0.03
650,State,Iowa,2005-01-01,Percent,0.05
651,State,Iowa,2005-01-01,Number,8000
652,State,Iowa,2006-01-01,Number,8000
653,State,Iowa,2006-01-01,Percent,0.04
654,State,Iowa,2007-01-01,Percent,0.04
655,State,Iowa,2007-01-01,Number,7000
656,State,Iowa,2008-01-01,Number,6000
657,State,Iowa,2013-01-01,Number,5000
658,State,Iowa,2013-01-01,Percent,0.03
659,State,Iowa,2008-01-01,Percent,0.03
660,State,Iowa,2018-01-01,Number,8000
661,State,Iowa,2018-01-01,Percent,0.04
662,State,Iowa,2009-01-01,Percent,0.05
663,State,Iowa,2009-01-01,Number,9000
664,State,Iowa,2010-01-01,Number,8000
665,State,Iowa,2015-01-01,Number,6000
666,State,Iowa,2010-01-01,Percent,0.04
667,State,Iowa,2015-01-01,Percent,0.03
668,State,Iowa,2011-01-01,Percent,0.04
669,State,Iowa,2012-01-01,Percent,0.04
670,State,Iowa,2011-01-01,Number,8000
671,State,Iowa,2012-01-01,Number,6000
672,State,Iowa,2014-01-01,Number,6000
673,State,Iowa,2016-01-01,Percent,0.04
674,State,Iowa,2014-01-01,Percent,0.03
675,State,Iowa,2017-01-01,Number,8000
676,State,Iowa,2017-01-01,Percent,0.04
677,State,Iowa,2016-01-01,Number,7000
678,State,Iowa,2019-01-01,Percent,0.04
679,State,Iowa,2019-01-01,Number,7000
680,State,Kansas,2019-01-01,Number,6000
681,State,Kansas,2019-01-01,Percent,0.04
682,State,Kansas,2016-01-01,Number,7000
683,State,Kansas,2017-01-01,Percent,0.04
684,State,Kansas,2017-01-01,Number,7000
685,State,Kansas,2014-01-01,Percent,0.04
686,State,Kansas,2016-01-01,Percent,0.04
687,State,Kansas,2014-01-01,Number,6000
688,State,Kansas,2012-01-01,Number,8000
689,State,Kansas,2011-01-01,Number,7000
690,State,Kansas,2012-01-01,Percent,0.05
691,State,Kansas,2011-01-01,Percent,0.04
692,State,Kansas,2015-01-01,Percent,0.03
693,State,Kansas,2010-01-01,Percent,0.04
694,State,Kansas,2015-01-01,Number,6000
695,State,Kansas,2010-01-01,Number,7000
696,State,Kansas,2009-01-01,Number,8000
697,State,Kansas,2009-01-01,Percent,0.05
698,State,Kansas,2018-01-01,Percent,0.04
699,State,Kansas,2018-01-01,Number,6000
700,State,Kansas,2008-01-01,Percent,0.05
701,State,Kansas,2013-01-01,Percent,0.03
702,State,Kansas,2013-01-01,Number,5000
703,State,Kansas,2008-01-01,Number,8000
704,State,Kansas,2007-01-01,Number,7000
705,State,Kansas,2007-01-01,Percent,0.04
706,State,Kansas,2006-01-01,Percent,0.04
707,State,Kansas,2006-01-01,Number,7000
708,State,Kansas,2005-01-01,Number,9000
709,State,Kansas,2005-01-01,Percent,0.06
710,State,Kansas,2004-01-01,Percent,0.07
711,State,Kansas,2003-01-01,Number,8000
712,State,Kansas,2004-01-01,Number,10000
713,State,Kansas,2003-01-01,Percent,0.05
714,State,Kansas,2002-01-01,Number,10000
715,State,Kansas,2002-01-01,Percent,0.07
716,State,Kansas,2001-01-01,Number,11000
717,State,Kansas,2000-01-01,Percent,0.1
718,State,Kansas,2001-01-01,Percent,0.07
719,State,Kansas,2000-01-01,Number,15000
720,State,Kentucky,2000-01-01,Number,22000
721,State,Kentucky,2000-01-01,Percent,0.1
722,State,Kentucky,2001-01-01,Percent,0.1
723,State,Kentucky,2001-01-01,Number,21000
724,State,Kentucky,2002-01-01,Percent,0.11
725,State,Kentucky,2002-01-01,Number,22000
726,State,Kentucky,2003-01-01,Percent,0.09
727,State,Kentucky,2004-01-01,Number,20000
728,State,Kentucky,2003-01-01,Number,18000
729,State,Kentucky,2004-01-01,Percent,0.1
730,State,Kentucky,2005-01-01,Percent,0.09
731,State,Kentucky,2005-01-01,Number,18000
732,State,Kentucky,2006-01-01,Number,20000
733,State,Kentucky,2006-01-01,Percent,0.09
734,State,Kentucky,2007-01-01,Percent,0.08
735,State,Kentucky,2007-01-01,Number,19000
736,State,Kentucky,2008-01-01,Number,16000
737,State,Kentucky,2013-01-01,Number,9000
738,State,Kentucky,2013-01-01,Percent,0.04
739,State,Kentucky,2008-01-01,Percent,0.07
740,State,Kentucky,2018-01-01,Number,10000
741,State,Kentucky,2018-01-01,Percent,0.04
742,State,Kentucky,2009-01-01,Percent,0.07
743,State,Kentucky,2009-01-01,Number,17000
744,State,Kentucky,2010-01-01,Number,15000
745,State,Kentucky,2015-01-01,Number,10000
746,State,Kentucky,2011-01-01,Number,10000
747,State,Kentucky,2010-01-01,Percent,0.06
748,State,Kentucky,2015-01-01,Percent,0.04
749,State,Kentucky,2011-01-01,Percent,0.04
750,State,Kentucky,2012-01-01,Percent,0.04
751,State,Kentucky,2012-01-01,Number,10000
752,State,Kentucky,2014-01-01,Number,9000
753,State,Kentucky,2016-01-01,Percent,0.05
754,State,Kentucky,2014-01-01,Percent,0.04
755,State,Kentucky,2017-01-01,Number,10000
756,State,Kentucky,2017-01-01,Percent,0.04
757,State,Kentucky,2016-01-01,Number,13000
758,State,Kentucky,2019-01-01,Percent,0.05
759,State,Kentucky,2019-01-01,Number,12000
760,State,Louisiana,2019-01-01,Number,14000
761,State,Louisiana,2019-01-01,Percent,0.06
762,State,Louisiana,2016-01-01,Number,16000
763,State,Louisiana,2017-01-01,Percent,0.05
764,State,Louisiana,2017-01-01,Number,14000
765,State,Louisiana,2014-01-01,Percent,0.06
766,State,Louisiana,2016-01-01,Percent,0.06
767,State,Louisiana,2014-01-01,Number,16000
768,State,Louisiana,2012-01-01,Number,19000
769,State,Louisiana,2012-01-01,Percent,0.07
770,State,Louisiana,2011-01-01,Percent,0.07
771,State,Louisiana,2011-01-01,Number,18000
772,State,Louisiana,2015-01-01,Percent,0.06
773,State,Louisiana,2010-01-01,Percent,0.1
774,State,Louisiana,2015-01-01,Number,14000
775,State,Louisiana,2010-01-01,Number,26000
776,State,Louisiana,2009-01-01,Number,20000
777,State,Louisiana,2009-01-01,Percent,0.08
778,State,Louisiana,2018-01-01,Percent,0.05
779,State,Louisiana,2018-01-01,Number,11000
780,State,Louisiana,2008-01-01,Percent,0.1
781,State,Louisiana,2013-01-01,Percent,0.08
782,State,Louisiana,2013-01-01,Number,20000
783,State,Louisiana,2008-01-01,Number,27000
784,State,Louisiana,2007-01-01,Number,26000
785,State,Louisiana,2007-01-01,Percent,0.1
786,State,Louisiana,2006-01-01,Percent,0.11
787,State,Louisiana,2006-01-01,Number,31000
788,State,Louisiana,2005-01-01,Number,21000
789,State,Louisiana,2005-01-01,Percent,0.08
790,State,Louisiana,2004-01-01,Percent,0.1
791,State,Louisiana,2003-01-01,Number,29000
792,State,Louisiana,2004-01-01,Number,27000
793,State,Louisiana,2003-01-01,Percent,0.12
794,State,Louisiana,2002-01-01,Number,31000
795,State,Louisiana,2002-01-01,Percent,0.12
796,State,Louisiana,2001-01-01,Number,30000
797,State,Louisiana,2000-01-01,Percent,0.11
798,State,Louisiana,2001-01-01,Percent,0.11
799,State,Louisiana,2000-01-01,Number,29000
800,State,Maine,2000-01-01,Number,3000
801,State,Maine,2000-01-01,Percent,0.05
802,State,Maine,2001-01-01,Percent,0.07
803,State,Maine,2001-01-01,Number,5000
804,State,Maine,2002-01-01,Percent,0.08
805,State,Maine,2002-01-01,Number,5000
806,State,Maine,2003-01-01,Percent,0.07
807,State,Maine,2004-01-01,Number,3000
808,State,Maine,2003-01-01,Number,5000
809,State,Maine,2004-01-01,Percent,0.05
810,State,Maine,2005-01-01,Percent,0.07
811,State,Maine,2005-01-01,Number,4000
812,State,Maine,2006-01-01,Number,3000
813,State,Maine,2006-01-01,Percent,0.04
814,State,Maine,2007-01-01,Percent,0.05
815,State,Maine,2007-01-01,Number,4000
816,State,Maine,2008-01-01,Number,4000
817,State,Maine,2013-01-01,Number,2000
818,State,Maine,2013-01-01,Percent,0.02
819,State,Maine,2008-01-01,Percent,0.06
820,State,Maine,2018-01-01,Number,3000
821,State,Maine,2018-01-01,Percent,0.04
822,State,Maine,2009-01-01,Percent,0.04
823,State,Maine,2009-01-01,Number,3000
824,State,Maine,2010-01-01,Number,3000
825,State,Maine,2015-01-01,Number,2000
826,State,Maine,2010-01-01,Percent,0.05
827,State,Maine,2015-01-01,Percent,0.03
828,State,Maine,2011-01-01,Number,2000
829,State,Maine,2011-01-01,Percent,0.04
830,State,Maine,2012-01-01,Percent,0.03
831,State,Maine,2012-01-01,Number,2000
832,State,Maine,2014-01-01,Number,2000
833,State,Maine,2016-01-01,Percent,0.04
834,State,Maine,2014-01-01,Percent,0.03
835,State,Maine,2017-01-01,Number,2000
836,State,Maine,2017-01-01,Percent,0.03
837,State,Maine,2016-01-01,Number,2000
838,State,Maine,2019-01-01,Percent,0.03
839,State,Maine,2019-01-01,Number,2000
840,State,Maryland,2019-01-01,Number,13000
841,State,Maryland,2019-01-01,Percent,0.04
842,State,Maryland,2016-01-01,Number,10000
843,State,Maryland,2017-01-01,Percent,0.03
844,State,Maryland,2017-01-01,Number,9000
845,State,Maryland,2014-01-01,Percent,0.04
846,State,Maryland,2016-01-01,Percent,0.03
847,State,Maryland,2014-01-01,Number,11000
848,State,Maryland,2012-01-01,Number,14000
849,State,Maryland,2012-01-01,Percent,0.04
850,State,Maryland,2011-01-01,Percent,0.04
851,State,Maryland,2011-01-01,Number,15000
852,State,Maryland,2015-01-01,Percent,0.04
853,State,Maryland,2010-01-01,Percent,0.06
854,State,Maryland,2015-01-01,Number,12000
855,State,Maryland,2010-01-01,Number,18000
856,State,Maryland,2009-01-01,Number,16000
857,State,Maryland,2009-01-01,Percent,0.05
858,State,Maryland,2018-01-01,Percent,0.02
859,State,Maryland,2018-01-01,Number,7000
860,State,Maryland,2008-01-01,Percent,0.06
861,State,Maryland,2013-01-01,Percent,0.04
862,State,Maryland,2013-01-01,Number,12000
863,State,Maryland,2008-01-01,Number,20000
864,State,Maryland,2007-01-01,Number,22000
865,State,Maryland,2007-01-01,Percent,0.07
866,State,Maryland,2006-01-01,Percent,0.06
867,State,Maryland,2006-01-01,Number,21000
868,State,Maryland,2005-01-01,Number,21000
869,State,Maryland,2005-01-01,Percent,0.07
870,State,Maryland,2004-01-01,Percent,0.07
871,State,Maryland,2003-01-01,Number,16000
872,State,Maryland,2004-01-01,Number,21000
873,State,Maryland,2003-01-01,Percent,0.06
874,State,Maryland,2002-01-01,Number,21000
875,State,Maryland,2002-01-01,Percent,0.08
876,State,Maryland,2001-01-01,Number,22000
877,State,Maryland,2001-01-01,Percent,0.09
878,State,Maryland,2000-01-01,Percent,0.11
879,State,Maryland,2000-01-01,Number,28000
880,State,Massachusetts,2000-01-01,Number,21000
881,State,Massachusetts,2000-01-01,Percent,0.08
882,State,Massachusetts,2001-01-01,Percent,0.05
883,State,Massachusetts,2001-01-01,Number,13000
884,State,Massachusetts,2002-01-01,Percent,0.06
885,State,Massachusetts,2002-01-01,Number,17000
886,State,Massachusetts,2003-01-01,Percent,0.05
887,State,Massachusetts,2004-01-01,Number,21000
888,State,Massachusetts,2003-01-01,Number,14000
889,State,Massachusetts,2004-01-01,Percent,0.08
890,State,Massachusetts,2005-01-01,Percent,0.05
891,State,Massachusetts,2005-01-01,Number,14000
892,State,Massachusetts,2006-01-01,Number,15000
893,State,Massachusetts,2006-01-01,Percent,0.04
894,State,Massachusetts,2007-01-01,Percent,0.05
895,State,Massachusetts,2007-01-01,Number,20000
896,State,Massachusetts,2008-01-01,Number,17000
897,State,Massachusetts,2013-01-01,Number,11000
898,State,Massachusetts,2013-01-01,Percent,0.03
899,State,Massachusetts,2008-01-01,Percent,0.04
900,State,Massachusetts,2018-01-01,Number,12000
901,State,Massachusetts,2018-01-01,Percent,0.03
902,State,Massachusetts,2009-01-01,Percent,0.04
903,State,Massachusetts,2009-01-01,Number,16000
904,State,Massachusetts,2010-01-01,Number,14000
905,State,Massachusetts,2015-01-01,Number,9000
906,State,Massachusetts,2010-01-01,Percent,0.04
907,State,Massachusetts,2015-01-01,Percent,0.02
908,State,Massachusetts,2011-01-01,Number,12000
909,State,Massachusetts,2011-01-01,Percent,0.03
910,State,Massachusetts,2012-01-01,Percent,0.03
911,State,Massachusetts,2012-01-01,Number,11000
912,State,Massachusetts,2014-01-01,Number,10000
913,State,Massachusetts,2016-01-01,Percent,0.02
914,State,Massachusetts,2014-01-01,Percent,0.03
915,State,Massachusetts,2017-01-01,Number,12000
916,State,Massachusetts,2017-01-01,Percent,0.03
917,State,Massachusetts,2016-01-01,Number,9000
918,State,Massachusetts,2019-01-01,Percent,0.03
919,State,Massachusetts,2019-01-01,Number,10000
920,State,Michigan,2019-01-01,Number,19000
921,State,Michigan,2019-01-01,Percent,0.04
922,State,Michigan,2016-01-01,Number,26000
923,State,Michigan,2017-01-01,Percent,0.03
924,State,Michigan,2017-01-01,Number,17000
925,State,Michigan,2014-01-01,Percent,0.04
926,State,Michigan,2016-01-01,Percent,0.05
927,State,Michigan,2014-01-01,Number,21000
928,State,Michigan,2012-01-01,Number,25000
929,State,Michigan,2012-01-01,Percent,0.04
930,State,Michigan,2011-01-01,Percent,0.05
931,State,Michigan,2011-01-01,Number,30000
932,State,Michigan,2015-01-01,Percent,0.04
933,State,Michigan,2010-01-01,Percent,0.05
934,State,Michigan,2015-01-01,Number,24000
935,State,Michigan,2010-01-01,Number,30000
936,State,Michigan,2009-01-01,Number,34000
937,State,Michigan,2009-01-01,Percent,0.06
938,State,Michigan,2018-01-01,Percent,0.04
939,State,Michigan,2018-01-01,Number,22000
940,State,Michigan,2008-01-01,Percent,0.06
941,State,Michigan,2013-01-01,Percent,0.05
942,State,Michigan,2013-01-01,Number,28000
943,State,Michigan,2008-01-01,Number,37000
944,State,Michigan,2007-01-01,Number,33000
945,State,Michigan,2007-01-01,Percent,0.05
946,State,Michigan,2006-01-01,Percent,0.06
947,State,Michigan,2006-01-01,Number,36000
948,State,Michigan,2005-01-01,Number,35000
949,State,Michigan,2005-01-01,Percent,0.07
950,State,Michigan,2004-01-01,Percent,0.07
951,State,Michigan,2003-01-01,Number,33000
952,State,Michigan,2004-01-01,Number,38000
953,State,Michigan,2003-01-01,Percent,0.06
954,State,Michigan,2002-01-01,Number,40000
955,State,Michigan,2002-01-01,Percent,0.07
956,State,Michigan,2001-01-01,Number,42000
957,State,Michigan,2001-01-01,Percent,0.08
958,State,Michigan,2000-01-01,Percent,0.1
959,State,Michigan,2000-01-01,Number,51000
960,State,Minnesota,2000-01-01,Number,20000
961,State,Minnesota,2000-01-01,Percent,0.07
962,State,Minnesota,2001-01-01,Percent,0.05
963,State,Minnesota,2001-01-01,Number,12000
964,State,Minnesota,2002-01-01,Percent,0.05
965,State,Minnesota,2002-01-01,Number,15000
966,State,Minnesota,2003-01-01,Percent,0.07
967,State,Minnesota,2004-01-01,Number,13000
968,State,Minnesota,2003-01-01,Number,18000
969,State,Minnesota,2004-01-01,Percent,0.05
970,State,Minnesota,2005-01-01,Percent,0.04
971,State,Minnesota,2005-01-01,Number,11000
972,State,Minnesota,2006-01-01,Number,12000
973,State,Minnesota,2006-01-01,Percent,0.04
974,State,Minnesota,2007-01-01,Percent,0.03
975,State,Minnesota,2007-01-01,Number,9000
976,State,Minnesota,2008-01-01,Number,8000
977,State,Minnesota,2013-01-01,Number,10000
978,State,Minnesota,2013-01-01,Percent,0.04
979,State,Minnesota,2008-01-01,Percent,0.03
980,State,Minnesota,2018-01-01,Number,9000
981,State,Minnesota,2018-01-01,Percent,0.03
982,State,Minnesota,2009-01-01,Percent,0.04
983,State,Minnesota,2009-01-01,Number,11000
984,State,Minnesota,2010-01-01,Number,11000
985,State,Minnesota,2015-01-01,Number,8000
986,State,Minnesota,2010-01-01,Percent,0.04
987,State,Minnesota,2015-01-01,Percent,0.03
988,State,Minnesota,2011-01-01,Number,10000
989,State,Minnesota,2011-01-01,Percent,0.03
990,State,Minnesota,2012-01-01,Percent,0.03
991,State,Minnesota,2012-01-01,Number,9000
992,State,Minnesota,2014-01-01,Number,8000
993,State,Minnesota,2016-01-01,Percent,0.03
994,State,Minnesota,2014-01-01,Percent,0.03
995,State,Minnesota,2017-01-01,Number,9000
996,State,Minnesota,2017-01-01,Percent,0.03
997,State,Minnesota,2016-01-01,Number,9000
998,State,Minnesota,2019-01-01,Percent,0.03
999,State,Minnesota,2019-01-01,Number,9000
1000,State,Mississippi,2019-01-01,Number,10000
1001,State,Mississippi,2019-01-01,Percent,0.06
1002,State,Mississippi,2016-01-01,Number,8000
1003,State,Mississippi,2017-01-01,Percent,0.05
1004,State,Mississippi,2017-01-01,Number,9000
1005,State,Mississippi,2014-01-01,Percent,0.05
1006,State,Mississippi,2016-01-01,Percent,0.05
1007,State,Mississippi,2014-01-01,Number,9000
1008,State,Mississippi,2012-01-01,Number,12000
1009,State,Mississippi,2012-01-01,Percent,0.06
1010,State,Mississippi,2011-01-01,Percent,0.06
1011,State,Mississippi,2011-01-01,Number,11000
1012,State,Mississippi,2015-01-01,Percent,0.05
1013,State,Mississippi,2010-01-01,Percent,0.09
1014,State,Mississippi,2015-01-01,Number,9000
1015,State,Mississippi,2010-01-01,Number,16000
1016,State,Mississippi,2009-01-01,Number,14000
1017,State,Mississippi,2009-01-01,Percent,0.07
1018,State,Mississippi,2018-01-01,Percent,0.06
1019,State,Mississippi,2018-01-01,Number,10000
1020,State,Mississippi,2008-01-01,Percent,0.07
1021,State,Mississippi,2013-01-01,Percent,0.06
1022,State,Mississippi,2013-01-01,Number,11000
1023,State,Mississippi,2008-01-01,Number,14000
1024,State,Mississippi,2007-01-01,Percent,0.08
1025,State,Mississippi,2007-01-01,Number,16000
1026,State,Mississippi,2006-01-01,Percent,0.1
1027,State,Mississippi,2006-01-01,Number,19000
1028,State,Mississippi,2005-01-01,Number,14000
1029,State,Mississippi,2005-01-01,Percent,0.09
1030,State,Mississippi,2004-01-01,Percent,0.1
1031,State,Mississippi,2004-01-01,Number,16000
1032,State,Mississippi,2003-01-01,Number,17000
1033,State,Mississippi,2003-01-01,Percent,0.11
1034,State,Mississippi,2002-01-01,Number,19000
1035,State,Mississippi,2002-01-01,Percent,0.12
1036,State,Mississippi,2001-01-01,Number,24000
1037,State,Mississippi,2001-01-01,Percent,0.15
1038,State,Mississippi,2000-01-01,Percent,0.15
1039,State,Mississippi,2000-01-01,Number,25000
1040,State,Missouri,2000-01-01,Number,34000
1041,State,Missouri,2000-01-01,Percent,0.11
1042,State,Missouri,2001-01-01,Percent,0.12
1043,State,Missouri,2001-01-01,Number,34000
1044,State,Missouri,2002-01-01,Percent,0.1
1045,State,Missouri,2002-01-01,Number,30000
1046,State,Missouri,2003-01-01,Percent,0.08
1047,State,Missouri,2003-01-01,Number,23000
1048,State,Missouri,2004-01-01,Number,21000
1049,State,Missouri,2004-01-01,Percent,0.07
1050,State,Missouri,2005-01-01,Percent,0.08
1051,State,Missouri,2005-01-01,Number,23000
1052,State,Missouri,2006-01-01,Number,20000
1053,State,Missouri,2006-01-01,Percent,0.06
1054,State,Missouri,2007-01-01,Number,25000
1055,State,Missouri,2007-01-01,Percent,0.07
1056,State,Missouri,2008-01-01,Number,22000
1057,State,Missouri,2013-01-01,Number,14000
1058,State,Missouri,2013-01-01,Percent,0.05
1059,State,Missouri,2008-01-01,Percent,0.07
1060,State,Missouri,2018-01-01,Number,15000
1061,State,Missouri,2018-01-01,Percent,0.05
1062,State,Missouri,2009-01-01,Percent,0.07
1063,State,Missouri,2009-01-01,Number,24000
1064,State,Missouri,2010-01-01,Number,20000
1065,State,Missouri,2015-01-01,Number,15000
1066,State,Missouri,2010-01-01,Percent,0.06
1067,State,Missouri,2015-01-01,Percent,0.05
1068,State,Missouri,2011-01-01,Number,18000
1069,State,Missouri,2011-01-01,Percent,0.05
1070,State,Missouri,2012-01-01,Percent,0.05
1071,State,Missouri,2012-01-01,Number,18000
1072,State,Missouri,2014-01-01,Number,14000
1073,State,Missouri,2016-01-01,Percent,0.04
1074,State,Missouri,2014-01-01,Percent,0.04
1075,State,Missouri,2017-01-01,Number,13000
1076,State,Missouri,2017-01-01,Percent,0.04
1077,State,Missouri,2016-01-01,Number,14000
1078,State,Missouri,2019-01-01,Percent,0.04
1079,State,Missouri,2019-01-01,Number,14000
1080,State,Montana,2019-01-01,Number,3000
1081,State,Montana,2019-01-01,Percent,0.06
1082,State,Montana,2017-01-01,Percent,0.05
1083,State,Montana,2017-01-01,Number,3000
1084,State,Montana,2016-01-01,Number,2000
1085,State,Montana,2014-01-01,Percent,0.06
1086,State,Montana,2016-01-01,Percent,0.04
1087,State,Montana,2014-01-01,Number,3000
1088,State,Montana,2012-01-01,Number,3000
1089,State,Montana,2012-01-01,Percent,0.06
1090,State,Montana,2011-01-01,Percent,0.07
1091,State,Montana,2011-01-01,Number,4000
1092,State,Montana,2015-01-01,Percent,0.06
1093,State,Montana,2010-01-01,Percent,0.06
1094,State,Montana,2015-01-01,Number,3000
1095,State,Montana,2010-01-01,Number,4000
1096,State,Montana,2009-01-01,Number,5000
1097,State,Montana,2009-01-01,Percent,0.09
1098,State,Montana,2018-01-01,Percent,0.07
1099,State,Montana,2018-01-01,Number,4000
1100,State,Montana,2008-01-01,Percent,0.09
1101,State,Montana,2013-01-01,Percent,0.05
1102,State,Montana,2013-01-01,Number,3000
1103,State,Montana,2008-01-01,Number,5000
1104,State,Montana,2007-01-01,Percent,0.07
1105,State,Montana,2007-01-01,Number,4000
1106,State,Montana,2006-01-01,Percent,0.09
1107,State,Montana,2006-01-01,Number,5000
1108,State,Montana,2005-01-01,Number,4000
1109,State,Montana,2005-01-01,Percent,0.07
1110,State,Montana,2004-01-01,Percent,0.09
1111,State,Montana,2004-01-01,Number,5000
1112,State,Montana,2003-01-01,Number,5000
1113,State,Montana,2003-01-01,Percent,0.1
1114,State,Montana,2002-01-01,Number,4000
1115,State,Montana,2002-01-01,Percent,0.08
1116,State,Montana,2001-01-01,Number,4000
1117,State,Montana,2001-01-01,Percent,0.07
1118,State,Montana,2000-01-01,Percent,0.07
1119,State,Montana,2000-01-01,Number,3000
1120,State,Nebraska,2000-01-01,Number,6000
1121,State,Nebraska,2000-01-01,Percent,0.06
1122,State,Nebraska,2001-01-01,Percent,0.07
1123,State,Nebraska,2001-01-01,Number,7000
1124,State,Nebraska,2002-01-01,Percent,0.07
1125,State,Nebraska,2002-01-01,Number,7000
1126,State,Nebraska,2003-01-01,Percent,0.07
1127,State,Nebraska,2003-01-01,Number,7000
1128,State,Nebraska,2004-01-01,Number,5000
1129,State,Nebraska,2004-01-01,Percent,0.06
1130,State,Nebraska,2005-01-01,Percent,0.05
1131,State,Nebraska,2005-01-01,Number,5000
1132,State,Nebraska,2006-01-01,Number,6000
1133,State,Nebraska,2006-01-01,Percent,0.05
1134,State,Nebraska,2007-01-01,Number,4000
1135,State,Nebraska,2007-01-01,Percent,0.04
1136,State,Nebraska,2008-01-01,Number,5000
1137,State,Nebraska,2013-01-01,Number,2000
1138,State,Nebraska,2013-01-01,Percent,0.02
1139,State,Nebraska,2008-01-01,Percent,0.04
1140,State,Nebraska,2018-01-01,Number,3000
1141,State,Nebraska,2018-01-01,Percent,0.03
1142,State,Nebraska,2009-01-01,Percent,0.05
1143,State,Nebraska,2009-01-01,Number,5000
1144,State,Nebraska,2010-01-01,Number,3000
1145,State,Nebraska,2010-01-01,Percent,0.03
1146,State,Nebraska,2015-01-01,Number,3000
1147,State,Nebraska,2015-01-01,Percent,0.03
1148,State,Nebraska,2011-01-01,Number,3000
1149,State,Nebraska,2011-01-01,Percent,0.03
1150,State,Nebraska,2012-01-01,Percent,0.04
1151,State,Nebraska,2012-01-01,Number,4000
1152,State,Nebraska,2014-01-01,Number,3000
1153,State,Nebraska,2016-01-01,Percent,0.02
1154,State,Nebraska,2014-01-01,Percent,0.03
1155,State,Nebraska,2016-01-01,Number,2000
1156,State,Nebraska,2017-01-01,Number,3000
1157,State,Nebraska,2017-01-01,Percent,0.03
1158,State,Nebraska,2019-01-01,Percent,0.02
1159,State,Nebraska,2019-01-01,Number,3000
1160,State,Nevada,2019-01-01,Number,6000
1161,State,Nevada,2019-01-01,Percent,0.04
1162,State,Nevada,2017-01-01,Percent,0.05
1163,State,Nevada,2017-01-01,Number,7000
1164,State,Nevada,2016-01-01,Number,10000
1165,State,Nevada,2014-01-01,Percent,0.04
1166,State,Nevada,2016-01-01,Percent,0.07
1167,State,Nevada,2014-01-01,Number,6000
1168,State,Nevada,2012-01-01,Number,9000
1169,State,Nevada,2012-01-01,Percent,0.07
1170,State,Nevada,2011-01-01,Percent,0.07
1171,State,Nevada,2011-01-01,Number,10000
1172,State,Nevada,2015-01-01,Percent,0.06
1173,State,Nevada,2015-01-01,Number,8000
1174,State,Nevada,2010-01-01,Percent,0.09
1175,State,Nevada,2010-01-01,Number,13000
1176,State,Nevada,2009-01-01,Number,16000
1177,State,Nevada,2009-01-01,Percent,0.11
1178,State,Nevada,2018-01-01,Number,8000
1179,State,Nevada,2018-01-01,Percent,0.05
1180,State,Nevada,2008-01-01,Percent,0.1
1181,State,Nevada,2013-01-01,Percent,0.06
1182,State,Nevada,2013-01-01,Number,8000
1183,State,Nevada,2008-01-01,Number,13000
1184,State,Nevada,2007-01-01,Percent,0.11
1185,State,Nevada,2007-01-01,Number,15000
1186,State,Nevada,2006-01-01,Percent,0.1
1187,State,Nevada,2006-01-01,Number,13000
1188,State,Nevada,2005-01-01,Number,13000
1189,State,Nevada,2005-01-01,Percent,0.11
1190,State,Nevada,2004-01-01,Percent,0.11
1191,State,Nevada,2004-01-01,Number,12000
1192,State,Nevada,2003-01-01,Number,11000
1193,State,Nevada,2003-01-01,Percent,0.1
1194,State,Nevada,2002-01-01,Number,13000
1195,State,Nevada,2001-01-01,Number,10000
1196,State,Nevada,2002-01-01,Percent,0.12
1197,State,Nevada,2001-01-01,Percent,0.1
1198,State,Nevada,2000-01-01,Percent,0.16
1199,State,Nevada,2000-01-01,Number,14000
1200,State,New Hampshire,2000-01-01,Number,5000
1201,State,New Hampshire,2000-01-01,Percent,0.09
1202,State,New Hampshire,2001-01-01,Percent,0.05
1203,State,New Hampshire,2002-01-01,Percent,0.07
1204,State,New Hampshire,2001-01-01,Number,3000
1205,State,New Hampshire,2002-01-01,Number,5000
1206,State,New Hampshire,2003-01-01,Percent,0.07
1207,State,New Hampshire,2003-01-01,Number,4000
1208,State,New Hampshire,2004-01-01,Number,5000
1209,State,New Hampshire,2004-01-01,Percent,0.07
1210,State,New Hampshire,2005-01-01,Percent,0.06
1211,State,New Hampshire,2005-01-01,Number,4000
1212,State,New Hampshire,2006-01-01,Number,3000
1213,State,New Hampshire,2006-01-01,Percent,0.04
1214,State,New Hampshire,2007-01-01,Number,3000
1215,State,New Hampshire,2007-01-01,Percent,0.04
1216,State,New Hampshire,2008-01-01,Number,3000
1217,State,New Hampshire,2013-01-01,Number,1000
1218,State,New Hampshire,2013-01-01,Percent,0.01
1219,State,New Hampshire,2008-01-01,Percent,0.03
1220,State,New Hampshire,2018-01-01,Percent,0.02
1221,State,New Hampshire,2018-01-01,Number,2000
1222,State,New Hampshire,2009-01-01,Percent,0.03
1223,State,New Hampshire,2009-01-01,Number,2000
1224,State,New Hampshire,2010-01-01,Number,2000
1225,State,New Hampshire,2010-01-01,Percent,0.03
1226,State,New Hampshire,2015-01-01,Number,1000
1227,State,New Hampshire,2015-01-01,Percent,0.02
1228,State,New Hampshire,2011-01-01,Number,2000
1229,State,New Hampshire,2011-01-01,Percent,0.03
1230,State,New Hampshire,2012-01-01,Percent,0.02
1231,State,New Hampshire,2012-01-01,Number,2000
1232,State,New Hampshire,2014-01-01,Number,2000
1233,State,New Hampshire,2014-01-01,Percent,0.02
1234,State,New Hampshire,2016-01-01,Percent,0.02
1235,State,New Hampshire,2016-01-01,Number,2000
1236,State,New Hampshire,2017-01-01,Number,2000
1237,State,New Hampshire,2017-01-01,Percent,0.03
1238,State,New Hampshire,2019-01-01,Percent,0.04
1239,State,New Hampshire,2019-01-01,Number,3000
1240,State,New Jersey,2019-01-01,Number,8000
1241,State,New Jersey,2019-01-01,Percent,0.02
1242,State,New Jersey,2017-01-01,Percent,0.03
1243,State,New Jersey,2017-01-01,Number,12000
1244,State,New Jersey,2016-01-01,Number,12000
1245,State,New Jersey,2016-01-01,Percent,0.03
1246,State,New Jersey,2014-01-01,Percent,0.03
1247,State,New Jersey,2014-01-01,Number,12000
1248,State,New Jersey,2012-01-01,Number,12000
1249,State,New Jersey,2012-01-01,Percent,0.03
1250,State,New Jersey,2011-01-01,Percent,0.03
1251,State,New Jersey,2011-01-01,Number,15000
1252,State,New Jersey,2015-01-01,Percent,0.02
1253,State,New Jersey,2015-01-01,Number,11000
1254,State,New Jersey,2010-01-01,Percent,0.04
1255,State,New Jersey,2010-01-01,Number,19000
1256,State,New Jersey,2009-01-01,Number,16000
1257,State,New Jersey,2009-01-01,Percent,0.03
1258,State,New Jersey,2018-01-01,Number,10000
1259,State,New Jersey,2018-01-01,Percent,0.02
1260,State,New Jersey,2008-01-01,Percent,0.04
1261,State,New Jersey,2013-01-01,Percent,0.03
1262,State,New Jersey,2013-01-01,Number,13000
1263,State,New Jersey,2008-01-01,Number,18000
1264,State,New Jersey,2007-01-01,Percent,0.05
1265,State,New Jersey,2007-01-01,Number,22000
1266,State,New Jersey,2006-01-01,Percent,0.05
1267,State,New Jersey,2006-01-01,Number,22000
1268,State,New Jersey,2005-01-01,Number,25000
1269,State,New Jersey,2005-01-01,Percent,0.06
1270,State,New Jersey,2004-01-01,Percent,0.05
1271,State,New Jersey,2004-01-01,Number,22000
1272,State,New Jersey,2003-01-01,Number,15000
1273,State,New Jersey,2003-01-01,Percent,0.04
1274,State,New Jersey,2002-01-01,Number,16000
1275,State,New Jersey,2001-01-01,Number,19000
1276,State,New Jersey,2002-01-01,Percent,0.04
1277,State,New Jersey,2001-01-01,Percent,0.05
1278,State,New Jersey,2000-01-01,Percent,0.08
1279,State,New Jersey,2000-01-01,Number,29000
1280,State,New Mexico,2000-01-01,Number,17000
1281,State,New Mexico,2000-01-01,Percent,0.16
1282,State,New Mexico,2001-01-01,Percent,0.09
1283,State,New Mexico,2002-01-01,Percent,0.15
1284,State,New Mexico,2001-01-01,Number,11000
1285,State,New Mexico,2002-01-01,Number,16000
1286,State,New Mexico,2003-01-01,Percent,0.1
1287,State,New Mexico,2003-01-01,Number,10000
1288,State,New Mexico,2004-01-01,Number,14000
1289,State,New Mexico,2004-01-01,Percent,0.12
1290,State,New Mexico,2005-01-01,Percent,0.1
1291,State,New Mexico,2005-01-01,Number,11000
1292,State,New Mexico,2006-01-01,Number,12000
1293,State,New Mexico,2006-01-01,Percent,0.1
1294,State,New Mexico,2007-01-01,Number,10000
1295,State,New Mexico,2007-01-01,Percent,0.08
1296,State,New Mexico,2008-01-01,Number,11000
1297,State,New Mexico,2013-01-01,Number,7000
1298,State,New Mexico,2013-01-01,Percent,0.06
1299,State,New Mexico,2008-01-01,Percent,0.1
1300,State,New Mexico,2018-01-01,Percent,0.07
1301,State,New Mexico,2018-01-01,Number,8000
1302,State,New Mexico,2009-01-01,Percent,0.09
1303,State,New Mexico,2009-01-01,Number,11000
1304,State,New Mexico,2010-01-01,Number,12000
1305,State,New Mexico,2010-01-01,Percent,0.1
1306,State,New Mexico,2015-01-01,Number,9000
1307,State,New Mexico,2015-01-01,Percent,0.08
1308,State,New Mexico,2011-01-01,Number,10000
1309,State,New Mexico,2011-01-01,Percent,0.09
1310,State,New Mexico,2012-01-01,Percent,0.08
1311,State,New Mexico,2012-01-01,Number,10000
1312,State,New Mexico,2014-01-01,Number,8000
1313,State,New Mexico,2014-01-01,Percent,0.07
1314,State,New Mexico,2016-01-01,Percent,0.07
1315,State,New Mexico,2016-01-01,Number,8000
1316,State,New Mexico,2017-01-01,Number,8000
1317,State,New Mexico,2017-01-01,Percent,0.07
1318,State,New Mexico,2019-01-01,Percent,0.06
1319,State,New Mexico,2019-01-01,Number,7000
1320,State,New York,2019-01-01,Number,35000
1321,State,New York,2019-01-01,Percent,0.04
1322,State,New York,2017-01-01,Percent,0.03
1323,State,New York,2017-01-01,Number,33000
1324,State,New York,2016-01-01,Number,37000
1325,State,New York,2016-01-01,Percent,0.04
1326,State,New York,2014-01-01,Percent,0.04
1327,State,New York,2014-01-01,Number,41000
1328,State,New York,2012-01-01,Number,45000
1329,State,New York,2012-01-01,Percent,0.04
1330,State,New York,2011-01-01,Percent,0.05
1331,State,New York,2011-01-01,Number,51000
1332,State,New York,2015-01-01,Percent,0.04
1333,State,New York,2015-01-01,Number,36000
1334,State,New York,2010-01-01,Percent,0.05
1335,State,New York,2010-01-01,Number,58000
1336,State,New York,2009-01-01,Number,61000
1337,State,New York,2009-01-01,Percent,0.05
1338,State,New York,2018-01-01,Number,30000
1339,State,New York,2018-01-01,Percent,0.03
1340,State,New York,2008-01-01,Percent,0.05
1341,State,New York,2013-01-01,Percent,0.04
1342,State,New York,2013-01-01,Number,43000
1343,State,New York,2008-01-01,Number,62000
1344,State,New York,2007-01-01,Percent,0.05
1345,State,New York,2007-01-01,Number,62000
1346,State,New York,2006-01-01,Percent,0.06
1347,State,New York,2006-01-01,Number,63000
1348,State,New York,2005-01-01,Number,61000
1349,State,New York,2005-01-01,Percent,0.06
1350,State,New York,2004-01-01,Percent,0.08
1351,State,New York,2004-01-01,Number,78000
1352,State,New York,2003-01-01,Number,65000
1353,State,New York,2003-01-01,Percent,0.07
1354,State,New York,2002-01-01,Number,73000
1355,State,New York,2001-01-01,Number,81000
1356,State,New York,2002-01-01,Percent,0.08
1357,State,New York,2001-01-01,Percent,0.09
1358,State,New York,2000-01-01,Percent,0.09
1359,State,New York,2000-01-01,Number,82000
1360,State,North Carolina,2000-01-01,Number,59000
1361,State,North Carolina,2000-01-01,Percent,0.16
1362,State,North Carolina,2001-01-01,Percent,0.14
1363,State,North Carolina,2002-01-01,Percent,0.1
1364,State,North Carolina,2001-01-01,Number,53000
1365,State,North Carolina,2002-01-01,Number,39000
1366,State,North Carolina,2003-01-01,Percent,0.11
1367,State,North Carolina,2003-01-01,Number,44000
1368,State,North Carolina,2004-01-01,Number,34000
1369,State,North Carolina,2004-01-01,Percent,0.09
1370,State,North Carolina,2005-01-01,Percent,0.09
1371,State,North Carolina,2005-01-01,Number,37000
1372,State,North Carolina,2006-01-01,Number,36000
1373,State,North Carolina,2006-01-01,Percent,0.07
1374,State,North Carolina,2007-01-01,Number,40000
1375,State,North Carolina,2007-01-01,Percent,0.08
1376,State,North Carolina,2008-01-01,Number,41000
1377,State,North Carolina,2013-01-01,Number,27000
1378,State,North Carolina,2013-01-01,Percent,0.05
1379,State,North Carolina,2008-01-01,Percent,0.08
1380,State,North Carolina,2018-01-01,Percent,0.04
1381,State,North Carolina,2018-01-01,Number,25000
1382,State,North Carolina,2009-01-01,Percent,0.07
1383,State,North Carolina,2009-01-01,Number,39000
1384,State,North Carolina,2010-01-01,Number,37000
1385,State,North Carolina,2010-01-01,Percent,0.07
1386,State,North Carolina,2015-01-01,Number,25000
1387,State,North Carolina,2015-01-01,Percent,0.05
1388,State,North Carolina,2011-01-01,Percent,0.05
1389,State,North Carolina,2011-01-01,Number,29000
1390,State,North Carolina,2012-01-01,Percent,0.05
1391,State,North Carolina,2012-01-01,Number,29000
1392,State,North Carolina,2014-01-01,Number,22000
1393,State,North Carolina,2014-01-01,Percent,0.04
1394,State,North Carolina,2016-01-01,Percent,0.04
1395,State,North Carolina,2016-01-01,Number,22000
1396,State,North Carolina,2017-01-01,Number,26000
1397,State,North Carolina,2017-01-01,Percent,0.05
1398,State,North Carolina,2019-01-01,Percent,0.04
1399,State,North Carolina,2019-01-01,Number,24000
1400,State,North Dakota,2019-01-01,Number,2000
1401,State,North Dakota,2019-01-01,Percent,0.05
1402,State,North Dakota,2017-01-01,Percent,0.04
1403,State,North Dakota,2017-01-01,Number,2000
1404,State,North Dakota,2016-01-01,Number,2000
1405,State,North Dakota,2016-01-01,Percent,0.04
1406,State,North Dakota,2014-01-01,Percent,0.04
1407,State,North Dakota,2014-01-01,Number,2000
1408,State,North Dakota,2012-01-01,Number,1000
1409,State,North Dakota,2012-01-01,Percent,0.03
1410,State,North Dakota,2011-01-01,Number,2000
1411,State,North Dakota,2011-01-01,Percent,0.05
1412,State,North Dakota,2015-01-01,Percent,0.06
1413,State,North Dakota,2015-01-01,Number,2000
1414,State,North Dakota,2010-01-01,Percent,0.04
1415,State,North Dakota,2010-01-01,Number,1000
1416,State,North Dakota,2009-01-01,Number,2000
1417,State,North Dakota,2009-01-01,Percent,0.05
1418,State,North Dakota,2018-01-01,Number,1000
1419,State,North Dakota,2018-01-01,Percent,0.03
1420,State,North Dakota,2008-01-01,Percent,0.07
1421,State,North Dakota,2013-01-01,Percent,0.05
1422,State,North Dakota,2013-01-01,Number,2000
1423,State,North Dakota,2008-01-01,Number,3000
1424,State,North Dakota,2007-01-01,Percent,0.02
1425,State,North Dakota,2007-01-01,Number,1000
1426,State,North Dakota,2006-01-01,Percent,0.03
1427,State,North Dakota,2006-01-01,Number,1000
1428,State,North Dakota,2005-01-01,Number,1000
1429,State,North Dakota,2005-01-01,Percent,0.05
1430,State,North Dakota,2004-01-01,Percent,0.03
1431,State,North Dakota,2004-01-01,Number,1000
1432,State,North Dakota,2003-01-01,Number,1000
1433,State,North Dakota,2003-01-01,Percent,0.04
1434,State,North Dakota,2002-01-01,Number,1000
1435,State,North Dakota,2001-01-01,Number,2000
1436,State,North Dakota,2002-01-01,Percent,0.03
1437,State,North Dakota,2001-01-01,Percent,0.06
1438,State,North Dakota,2000-01-01,Percent,0.03
1439,State,North Dakota,2000-01-01,Number,1000
1440,State,Ohio,2000-01-01,Number,56000
1441,State,Ohio,2000-01-01,Percent,0.1
1442,State,Ohio,2001-01-01,Percent,0.08
1443,State,Ohio,2002-01-01,Percent,0.07
1444,State,Ohio,2001-01-01,Number,48000
1445,State,Ohio,2002-01-01,Number,41000
1446,State,Ohio,2003-01-01,Percent,0.07
1447,State,Ohio,2003-01-01,Number,39000
1448,State,Ohio,2004-01-01,Number,33000
1449,State,Ohio,2004-01-01,Percent,0.06
1450,State,Ohio,2005-01-01,Percent,0.06
1451,State,Ohio,2005-01-01,Number,37000
1452,State,Ohio,2006-01-01,Number,36000
1453,State,Ohio,2006-01-01,Percent,0.05
1454,State,Ohio,2007-01-01,Number,34000
1455,State,Ohio,2007-01-01,Percent,0.05
1456,State,Ohio,2008-01-01,Number,32000
1457,State,Ohio,2013-01-01,Number,24000
1458,State,Ohio,2013-01-01,Percent,0.04
1459,State,Ohio,2008-01-01,Percent,0.05
1460,State,Ohio,2018-01-01,Percent,0.04
1461,State,Ohio,2018-01-01,Number,28000
1462,State,Ohio,2009-01-01,Percent,0.05
1463,State,Ohio,2009-01-01,Number,33000
1464,State,Ohio,2010-01-01,Number,36000
1465,State,Ohio,2010-01-01,Percent,0.05
1466,State,Ohio,2015-01-01,Number,24000
1467,State,Ohio,2015-01-01,Percent,0.04
1468,State,Ohio,2011-01-01,Percent,0.04
1469,State,Ohio,2011-01-01,Number,28000
1470,State,Ohio,2012-01-01,Percent,0.04
1471,State,Ohio,2012-01-01,Number,25000
1472,State,Ohio,2014-01-01,Number,24000
1473,State,Ohio,2014-01-01,Percent,0.04
1474,State,Ohio,2016-01-01,Percent,0.04
1475,State,Ohio,2016-01-01,Number,27000
1476,State,Ohio,2017-01-01,Number,25000
1477,State,Ohio,2017-01-01,Percent,0.04
1478,State,Ohio,2019-01-01,Percent,0.04
1479,State,Ohio,2019-01-01,Number,27000
1480,State,Oklahoma,2019-01-01,Number,10000
1481,State,Oklahoma,2019-01-01,Percent,0.04
1482,State,Oklahoma,2017-01-01,Percent,0.05
1483,State,Oklahoma,2017-01-01,Number,12000
1484,State,Oklahoma,2016-01-01,Number,12000
1485,State,Oklahoma,2016-01-01,Percent,0.06
1486,State,Oklahoma,2014-01-01,Percent,0.06
1487,State,Oklahoma,2014-01-01,Number,12000
1488,State,Oklahoma,2012-01-01,Number,14000
1489,State,Oklahoma,2012-01-01,Percent,0.07
1490,State,Oklahoma,2011-01-01,Number,13000
1491,State,Oklahoma,2011-01-01,Percent,0.06
1492,State,Oklahoma,2015-01-01,Percent,0.05
1493,State,Oklahoma,2015-01-01,Number,11000
1494,State,Oklahoma,2010-01-01,Percent,0.07
1495,State,Oklahoma,2010-01-01,Number,16000
1496,State,Oklahoma,2009-01-01,Number,17000
1497,State,Oklahoma,2009-01-01,Percent,0.08
1498,State,Oklahoma,2018-01-01,Number,11000
1499,State,Oklahoma,2018-01-01,Percent,0.05
1500,State,Oklahoma,2008-01-01,Percent,0.08
1501,State,Oklahoma,2013-01-01,Percent,0.06
1502,State,Oklahoma,2013-01-01,Number,13000
1503,State,Oklahoma,2008-01-01,Number,18000
1504,State,Oklahoma,2007-01-01,Percent,0.08
1505,State,Oklahoma,2007-01-01,Number,16000
1506,State,Oklahoma,2006-01-01,Percent,0.08
1507,State,Oklahoma,2006-01-01,Number,16000
1508,State,Oklahoma,2005-01-01,Number,18000
1509,State,Oklahoma,2005-01-01,Percent,0.1
1510,State,Oklahoma,2004-01-01,Percent,0.06
1511,State,Oklahoma,2004-01-01,Number,11000
1512,State,Oklahoma,2003-01-01,Number,13000
1513,State,Oklahoma,2003-01-01,Percent,0.07
1514,State,Oklahoma,2002-01-01,Number,19000
1515,State,Oklahoma,2001-01-01,Number,27000
1516,State,Oklahoma,2002-01-01,Percent,0.11
1517,State,Oklahoma,2001-01-01,Percent,0.13
1518,State,Oklahoma,2000-01-01,Percent,0.14
1519,State,Oklahoma,2000-01-01,Number,29000
1520,State,Oregon,2000-01-01,Number,20000
1521,State,Oregon,2000-01-01,Percent,0.11
1522,State,Oregon,2001-01-01,Percent,0.08
1523,State,Oregon,2002-01-01,Percent,0.06
1524,State,Oregon,2001-01-01,Number,14000
1525,State,Oregon,2002-01-01,Number,11000
1526,State,Oregon,2003-01-01,Percent,0.08
1527,State,Oregon,2003-01-01,Number,14000
1528,State,Oregon,2004-01-01,Number,10000
1529,State,Oregon,2004-01-01,Percent,0.06
1530,State,Oregon,2005-01-01,Percent,0.07
1531,State,Oregon,2005-01-01,Number,12000
1532,State,Oregon,2006-01-01,Number,14000
1533,State,Oregon,2006-01-01,Percent,0.07
1534,State,Oregon,2007-01-01,Number,14000
1535,State,Oregon,2007-01-01,Percent,0.07
1536,State,Oregon,2008-01-01,Number,13000
1537,State,Oregon,2013-01-01,Number,9000
1538,State,Oregon,2013-01-01,Percent,0.04
1539,State,Oregon,2008-01-01,Percent,0.06
1540,State,Oregon,2018-01-01,Percent,0.03
1541,State,Oregon,2018-01-01,Number,7000
1542,State,Oregon,2009-01-01,Percent,0.06
1543,State,Oregon,2009-01-01,Number,12000
1544,State,Oregon,2010-01-01,Number,13000
1545,State,Oregon,2010-01-01,Percent,0.06
1546,State,Oregon,2015-01-01,Number,8000
1547,State,Oregon,2015-01-01,Percent,0.04
1548,State,Oregon,2011-01-01,Percent,0.05
1549,State,Oregon,2011-01-01,Number,10000
1550,State,Oregon,2012-01-01,Percent,0.04
1551,State,Oregon,2012-01-01,Number,8000
1552,State,Oregon,2014-01-01,Number,12000
1553,State,Oregon,2014-01-01,Percent,0.06
1554,State,Oregon,2016-01-01,Percent,0.05
1555,State,Oregon,2016-01-01,Number,10000
1556,State,Oregon,2017-01-01,Number,8000
1557,State,Oregon,2017-01-01,Percent,0.04
1558,State,Oregon,2019-01-01,Percent,0.04
1559,State,Oregon,2019-01-01,Number,8000
1560,State,Pennsylvania,2019-01-01,Number,27000
1561,State,Pennsylvania,2019-01-01,Percent,0.04
1562,State,Pennsylvania,2017-01-01,Percent,0.04
1563,State,Pennsylvania,2017-01-01,Number,29000
1564,State,Pennsylvania,2016-01-01,Number,26000
1565,State,Pennsylvania,2016-01-01,Percent,0.04
1566,State,Pennsylvania,2014-01-01,Percent,0.04
1567,State,Pennsylvania,2014-01-01,Number,27000
1568,State,Pennsylvania,2012-01-01,Number,31000
1569,State,Pennsylvania,2012-01-01,Percent,0.04
1570,State,Pennsylvania,2011-01-01,Number,30000
1571,State,Pennsylvania,2011-01-01,Percent,0.04
1572,State,Pennsylvania,2015-01-01,Percent,0.04
1573,State,Pennsylvania,2015-01-01,Number,28000
1574,State,Pennsylvania,2010-01-01,Percent,0.05
1575,State,Pennsylvania,2010-01-01,Number,33000
1576,State,Pennsylvania,2009-01-01,Number,37000
1577,State,Pennsylvania,2009-01-01,Percent,0.05
1578,State,Pennsylvania,2018-01-01,Number,32000
1579,State,Pennsylvania,2018-01-01,Percent,0.05
1580,State,Pennsylvania,2008-01-01,Percent,0.05
1581,State,Pennsylvania,2013-01-01,Percent,0.04
1582,State,Pennsylvania,2013-01-01,Number,27000
1583,State,Pennsylvania,2008-01-01,Number,37000
1584,State,Pennsylvania,2007-01-01,Percent,0.06
1585,State,Pennsylvania,2007-01-01,Number,41000
1586,State,Pennsylvania,2006-01-01,Percent,0.06
1587,State,Pennsylvania,2006-01-01,Number,42000
1588,State,Pennsylvania,2005-01-01,Number,39000
1589,State,Pennsylvania,2005-01-01,Percent,0.07
1590,State,Pennsylvania,2004-01-01,Percent,0.05
1591,State,Pennsylvania,2004-01-01,Number,32000
1592,State,Pennsylvania,2003-01-01,Number,44000
1593,State,Pennsylvania,2003-01-01,Percent,0.08
1594,State,Pennsylvania,2002-01-01,Number,53000
1595,State,Pennsylvania,2001-01-01,Number,47000
1596,State,Pennsylvania,2002-01-01,Percent,0.09
1597,State,Pennsylvania,2001-01-01,Percent,0.08
1598,State,Pennsylvania,2000-01-01,Percent,0.07
1599,State,Pennsylvania,2000-01-01,Number,44000
1600,State,Rhode Island,2000-01-01,Number,5000
1601,State,Rhode Island,2000-01-01,Percent,0.1
1602,State,Rhode Island,2001-01-01,Percent,0.09
1603,State,Rhode Island,2002-01-01,Percent,0.07
1604,State,Rhode Island,2001-01-01,Number,4000
1605,State,Rhode Island,2002-01-01,Number,3000
1606,State,Rhode Island,2003-01-01,Percent,0.07
1607,State,Rhode Island,2003-01-01,Number,3000
1608,State,Rhode Island,2004-01-01,Number,4000
1609,State,Rhode Island,2004-01-01,Percent,0.09
1610,State,Rhode Island,2005-01-01,Percent,0.08
1611,State,Rhode Island,2005-01-01,Number,4000
1612,State,Rhode Island,2006-01-01,Number,5000
1613,State,Rhode Island,2006-01-01,Percent,0.07
1614,State,Rhode Island,2007-01-01,Number,4000
1615,State,Rhode Island,2007-01-01,Percent,0.06
1616,State,Rhode Island,2008-01-01,Number,4000
1617,State,Rhode Island,2013-01-01,Percent,0.03
1618,State,Rhode Island,2013-01-01,Number,2000
1619,State,Rhode Island,2008-01-01,Percent,0.06
1620,State,Rhode Island,2018-01-01,Percent,0.02
1621,State,Rhode Island,2018-01-01,Number,1000
1622,State,Rhode Island,2009-01-01,Percent,0.07
1623,State,Rhode Island,2009-01-01,Number,4000
1624,State,Rhode Island,2010-01-01,Percent,0.04
1625,State,Rhode Island,2010-01-01,Number,3000
1626,State,Rhode Island,2015-01-01,Number,2000
1627,State,Rhode Island,2015-01-01,Percent,0.04
1628,State,Rhode Island,2011-01-01,Percent,0.05
1629,State,Rhode Island,2011-01-01,Number,3000
1630,State,Rhode Island,2012-01-01,Number,3000
1631,State,Rhode Island,2012-01-01,Percent,0.05
1632,State,Rhode Island,2014-01-01,Number,2000
1633,State,Rhode Island,2014-01-01,Percent,0.04
1634,State,Rhode Island,2016-01-01,Number,2000
1635,State,Rhode Island,2016-01-01,Percent,0.03
1636,State,Rhode Island,2017-01-01,Number,2000
1637,State,Rhode Island,2017-01-01,Percent,0.03
1638,State,Rhode Island,2019-01-01,Percent,0.03
1639,State,Rhode Island,2019-01-01,Number,2000
1640,State,South Carolina,2019-01-01,Number,11000
1641,State,South Carolina,2019-01-01,Percent,0.04
1642,State,South Carolina,2017-01-01,Percent,0.04
1643,State,South Carolina,2017-01-01,Number,11000
1644,State,South Carolina,2016-01-01,Number,13000
1645,State,South Carolina,2016-01-01,Percent,0.05
1646,State,South Carolina,2014-01-01,Percent,0.04
1647,State,South Carolina,2014-01-01,Number,10000
1648,State,South Carolina,2012-01-01,Number,15000
1649,State,South Carolina,2011-01-01,Number,18000
1650,State,South Carolina,2011-01-01,Percent,0.07
1651,State,South Carolina,2012-01-01,Percent,0.06
1652,State,South Carolina,2015-01-01,Percent,0.04
1653,State,South Carolina,2015-01-01,Number,10000
1654,State,South Carolina,2010-01-01,Number,17000
1655,State,South Carolina,2010-01-01,Percent,0.06
1656,State,South Carolina,2009-01-01,Number,18000
1657,State,South Carolina,2009-01-01,Percent,0.07
1658,State,South Carolina,2018-01-01,Number,13000
1659,State,South Carolina,2018-01-01,Percent,0.05
1660,State,South Carolina,2008-01-01,Percent,0.07
1661,State,South Carolina,2013-01-01,Number,13000
1662,State,South Carolina,2013-01-01,Percent,0.05
1663,State,South Carolina,2008-01-01,Number,18000
1664,State,South Carolina,2007-01-01,Percent,0.09
1665,State,South Carolina,2007-01-01,Number,23000
1666,State,South Carolina,2006-01-01,Percent,0.08
1667,State,South Carolina,2006-01-01,Number,20000
1668,State,South Carolina,2005-01-01,Percent,0.09
1669,State,South Carolina,2005-01-01,Number,20000
1670,State,South Carolina,2004-01-01,Percent,0.1
1671,State,South Carolina,2004-01-01,Number,21000
1672,State,South Carolina,2003-01-01,Number,15000
1673,State,South Carolina,2003-01-01,Percent,0.07
1674,State,South Carolina,2002-01-01,Number,22000
1675,State,South Carolina,2001-01-01,Number,18000
1676,State,South Carolina,2002-01-01,Percent,0.11
1677,State,South Carolina,2001-01-01,Percent,0.09
1678,State,South Carolina,2000-01-01,Percent,0.14
1679,State,South Carolina,2000-01-01,Number,29000
1680,State,South Dakota,2000-01-01,Number,4000
1681,State,South Dakota,2000-01-01,Percent,0.08
1682,State,South Dakota,2001-01-01,Percent,0.08
1683,State,South Dakota,2002-01-01,Percent,0.08
1684,State,South Dakota,2001-01-01,Number,3000
1685,State,South Dakota,2002-01-01,Number,3000
1686,State,South Dakota,2003-01-01,Percent,0.07
1687,State,South Dakota,2003-01-01,Number,3000
1688,State,South Dakota,2004-01-01,Number,2000
1689,State,South Dakota,2004-01-01,Percent,0.04
1690,State,South Dakota,2005-01-01,Number,3000
1691,State,South Dakota,2005-01-01,Percent,0.07
1692,State,South Dakota,2006-01-01,Number,3000
1693,State,South Dakota,2006-01-01,Percent,0.07
1694,State,South Dakota,2007-01-01,Number,3000
1695,State,South Dakota,2007-01-01,Percent,0.06
1696,State,South Dakota,2008-01-01,Number,3000
1697,State,South Dakota,2013-01-01,Percent,0.05
1698,State,South Dakota,2013-01-01,Number,2000
1699,State,South Dakota,2008-01-01,Percent,0.06
1700,State,South Dakota,2018-01-01,Percent,0.05
1701,State,South Dakota,2018-01-01,Number,3000
1702,State,South Dakota,2009-01-01,Percent,0.06
1703,State,South Dakota,2009-01-01,Number,3000
1704,State,South Dakota,2010-01-01,Percent,0.07
1705,State,South Dakota,2010-01-01,Number,4000
1706,State,South Dakota,2015-01-01,Number,3000
1707,State,South Dakota,2015-01-01,Percent,0.05
1708,State,South Dakota,2011-01-01,Percent,0.05
1709,State,South Dakota,2011-01-01,Number,2000
1710,State,South Dakota,2012-01-01,Number,1000
1711,State,South Dakota,2012-01-01,Percent,0.03
1712,State,South Dakota,2014-01-01,Number,2000
1713,State,South Dakota,2014-01-01,Percent,0.04
1714,State,South Dakota,2016-01-01,Number,2000
1715,State,South Dakota,2016-01-01,Percent,0.04
1716,State,South Dakota,2017-01-01,Number,2000
1717,State,South Dakota,2017-01-01,Percent,0.05
1718,State,South Dakota,2019-01-01,Percent,0.05
1719,State,South Dakota,2019-01-01,Number,2000
1720,State,Tennessee,2019-01-01,Number,10000
1721,State,Tennessee,2019-01-01,Percent,0.03
1722,State,Tennessee,2017-01-01,Percent,0.03
1723,State,Tennessee,2017-01-01,Number,12000
1724,State,Tennessee,2016-01-01,Number,10000
1725,State,Tennessee,2016-01-01,Percent,0.03
1726,State,Tennessee,2014-01-01,Percent,0.04
1727,State,Tennessee,2014-01-01,Number,14000
1728,State,Tennessee,2012-01-01,Number,12000
1729,State,Tennessee,2011-01-01,Number,13000
1730,State,Tennessee,2011-01-01,Percent,0.04
1731,State,Tennessee,2012-01-01,Percent,0.04
1732,State,Tennessee,2015-01-01,Percent,0.03
1733,State,Tennessee,2015-01-01,Number,9000
1734,State,Tennessee,2010-01-01,Number,16000
1735,State,Tennessee,2010-01-01,Percent,0.05
1736,State,Tennessee,2009-01-01,Number,18000
1737,State,Tennessee,2009-01-01,Percent,0.05
1738,State,Tennessee,2018-01-01,Number,12000
1739,State,Tennessee,2018-01-01,Percent,0.04
1740,State,Tennessee,2008-01-01,Percent,0.07
1741,State,Tennessee,2013-01-01,Percent,0.03
1742,State,Tennessee,2013-01-01,Number,11000
1743,State,Tennessee,2008-01-01,Number,23000
1744,State,Tennessee,2007-01-01,Number,24000
1745,State,Tennessee,2007-01-01,Percent,0.07
1746,State,Tennessee,2006-01-01,Percent,0.06
1747,State,Tennessee,2006-01-01,Number,20000
1748,State,Tennessee,2005-01-01,Number,24000
1749,State,Tennessee,2005-01-01,Percent,0.08
1750,State,Tennessee,2004-01-01,Percent,0.11
1751,State,Tennessee,2004-01-01,Number,30000
1752,State,Tennessee,2003-01-01,Number,23000
1753,State,Tennessee,2003-01-01,Percent,0.08
1754,State,Tennessee,2002-01-01,Number,27000
1755,State,Tennessee,2001-01-01,Number,29000
1756,State,Tennessee,2002-01-01,Percent,0.1
1757,State,Tennessee,2001-01-01,Percent,0.1
1758,State,Tennessee,2000-01-01,Percent,0.11
1759,State,Tennessee,2000-01-01,Number,31000
1760,State,Texas,2000-01-01,Number,162000
1761,State,Texas,2000-01-01,Percent,0.14
1762,State,Texas,2001-01-01,Percent,0.11
1763,State,Texas,2002-01-01,Percent,0.1
1764,State,Texas,2001-01-01,Number,140000
1765,State,Texas,2002-01-01,Number,124000
1766,State,Texas,2003-01-01,Percent,0.09
1767,State,Texas,2003-01-01,Number,111000
1768,State,Texas,2004-01-01,Number,116000
1769,State,Texas,2004-01-01,Percent,0.09
1770,State,Texas,2005-01-01,Number,98000
1771,State,Texas,2005-01-01,Percent,0.08
1772,State,Texas,2006-01-01,Number,105000
1773,State,Texas,2006-01-01,Percent,0.07
1774,State,Texas,2007-01-01,Number,116000
1775,State,Texas,2007-01-01,Percent,0.08
1776,State,Texas,2008-01-01,Number,105000
1777,State,Texas,2008-01-01,Percent,0.07
1778,State,Texas,2013-01-01,Number,75000
1779,State,Texas,2013-01-01,Percent,0.05
1780,State,Texas,2018-01-01,Percent,0.04
1781,State,Texas,2018-01-01,Number,67000
1782,State,Texas,2009-01-01,Percent,0.07
1783,State,Texas,2009-01-01,Number,105000
1784,State,Texas,2010-01-01,Number,99000
1785,State,Texas,2010-01-01,Percent,0.06
1786,State,Texas,2015-01-01,Number,71000
1787,State,Texas,2015-01-01,Percent,0.05
1788,State,Texas,2011-01-01,Percent,0.06
1789,State,Texas,2011-01-01,Number,88000
1790,State,Texas,2012-01-01,Number,79000
1791,State,Texas,2012-01-01,Percent,0.05
1792,State,Texas,2014-01-01,Percent,0.05
1793,State,Texas,2014-01-01,Number,79000
1794,State,Texas,2016-01-01,Number,76000
1795,State,Texas,2016-01-01,Percent,0.05
1796,State,Texas,2017-01-01,Number,74000
1797,State,Texas,2017-01-01,Percent,0.05
1798,State,Texas,2019-01-01,Percent,0.04
1799,State,Texas,2019-01-01,Number,68000
1800,State,Utah,2019-01-01,Number,7000
1801,State,Utah,2019-01-01,Percent,0.03
1802,State,Utah,2017-01-01,Percent,0.04
1803,State,Utah,2017-01-01,Number,8000
1804,State,Utah,2016-01-01,Number,10000
1805,State,Utah,2016-01-01,Percent,0.05
1806,State,Utah,2014-01-01,Percent,0.04
1807,State,Utah,2014-01-01,Number,8000
1808,State,Utah,2012-01-01,Number,9000
1809,State,Utah,2011-01-01,Number,6000
1810,State,Utah,2011-01-01,Percent,0.03
1811,State,Utah,2012-01-01,Percent,0.05
1812,State,Utah,2015-01-01,Percent,0.04
1813,State,Utah,2015-01-01,Number,7000
1814,State,Utah,2010-01-01,Percent,0.05
1815,State,Utah,2010-01-01,Number,10000
1816,State,Utah,2009-01-01,Number,8000
1817,State,Utah,2009-01-01,Percent,0.05
1818,State,Utah,2018-01-01,Number,6000
1819,State,Utah,2018-01-01,Percent,0.03
1820,State,Utah,2013-01-01,Percent,0.04
1821,State,Utah,2013-01-01,Number,7000
1822,State,Utah,2008-01-01,Percent,0.07
1823,State,Utah,2008-01-01,Number,12000
1824,State,Utah,2007-01-01,Number,9000
1825,State,Utah,2007-01-01,Percent,0.05
1826,State,Utah,2006-01-01,Percent,0.06
1827,State,Utah,2006-01-01,Number,10000
1828,State,Utah,2005-01-01,Number,10000
1829,State,Utah,2005-01-01,Percent,0.07
1830,State,Utah,2004-01-01,Percent,0.05
1831,State,Utah,2004-01-01,Number,8000
1832,State,Utah,2003-01-01,Number,8000
1833,State,Utah,2003-01-01,Percent,0.06
1834,State,Utah,2002-01-01,Number,11000
1835,State,Utah,2001-01-01,Number,13000
1836,State,Utah,2002-01-01,Percent,0.07
1837,State,Utah,2001-01-01,Percent,0.08
1838,State,Utah,2000-01-01,Percent,0.06
1839,State,Utah,2000-01-01,Number,10000
1840,State,Vermont,2000-01-01,Number,2000
1841,State,Vermont,2000-01-01,Percent,0.06
1842,State,Vermont,2001-01-01,Percent,0.08
1843,State,Vermont,2002-01-01,Percent,0.08
1844,State,Vermont,2001-01-01,Number,3000
1845,State,Vermont,2002-01-01,Number,2000
1846,State,Vermont,2003-01-01,Percent,0.05
1847,State,Vermont,2003-01-01,Number,2000
1848,State,Vermont,2004-01-01,Number,1000
1849,State,Vermont,2004-01-01,Percent,0.04
1850,State,Vermont,2005-01-01,Number,2000
1851,State,Vermont,2005-01-01,Percent,0.05
1852,State,Vermont,2006-01-01,Number,2000
1853,State,Vermont,2006-01-01,Percent,0.04
1854,State,Vermont,2007-01-01,Number,1000
1855,State,Vermont,2007-01-01,Percent,0.04
1856,State,Vermont,2008-01-01,Number,1000
1857,State,Vermont,2008-01-01,Percent,0.04
1858,State,Vermont,2013-01-01,Number,1000
1859,State,Vermont,2013-01-01,Percent,0.01
1860,State,Vermont,2018-01-01,Percent,S
1861,State,Vermont,2018-01-01,Number,S
1862,State,Vermont,2009-01-01,Percent,0.05
1863,State,Vermont,2009-01-01,Number,2000
1864,State,Vermont,2010-01-01,Number,1000
1865,State,Vermont,2010-01-01,Percent,0.02
1866,State,Vermont,2015-01-01,Number,1000
1867,State,Vermont,2015-01-01,Percent,0.03
1868,State,Vermont,2012-01-01,Percent,0.02
1869,State,Vermont,2011-01-01,Percent,0.03
1870,State,Vermont,2011-01-01,Number,1000
1871,State,Vermont,2012-01-01,Number,1000
1872,State,Vermont,2014-01-01,Number,1000
1873,State,Vermont,2014-01-01,Percent,0.02
1874,State,Vermont,2016-01-01,Percent,0.04
1875,State,Vermont,2016-01-01,Number,1000
1876,State,Vermont,2017-01-01,Number,1000
1877,State,Vermont,2017-01-01,Percent,0.04
1878,State,Vermont,2019-01-01,Percent,0.02
1879,State,Vermont,2019-01-01,Number,1000
1880,State,Virginia,2019-01-01,Number,10000
1881,State,Virginia,2019-01-01,Percent,0.02
1882,State,Virginia,2017-01-01,Percent,0.02
1883,State,Virginia,2017-01-01,Number,10000
1884,State,Virginia,2016-01-01,Number,13000
1885,State,Virginia,2016-01-01,Percent,0.03
1886,State,Virginia,2014-01-01,Percent,0.02
1887,State,Virginia,2014-01-01,Number,10000
1888,State,Virginia,2012-01-01,Number,13000
1889,State,Virginia,2011-01-01,Number,16000
1890,State,Virginia,2011-01-01,Percent,0.04
1891,State,Virginia,2012-01-01,Percent,0.03
1892,State,Virginia,2015-01-01,Percent,0.03
1893,State,Virginia,2015-01-01,Number,14000
1894,State,Virginia,2010-01-01,Percent,0.03
1895,State,Virginia,2010-01-01,Number,15000
1896,State,Virginia,2009-01-01,Number,17000
1897,State,Virginia,2009-01-01,Percent,0.04
1898,State,Virginia,2018-01-01,Number,8000
1899,State,Virginia,2018-01-01,Percent,0.02
1900,State,Virginia,2013-01-01,Percent,0.03
1901,State,Virginia,2013-01-01,Number,14000
1902,State,Virginia,2008-01-01,Percent,0.04
1903,State,Virginia,2008-01-01,Number,19000
1904,State,Virginia,2007-01-01,Number,22000
1905,State,Virginia,2007-01-01,Percent,0.05
1906,State,Virginia,2006-01-01,Percent,0.05
1907,State,Virginia,2006-01-01,Number,23000
1908,State,Virginia,2005-01-01,Number,21000
1909,State,Virginia,2005-01-01,Percent,0.06
1910,State,Virginia,2004-01-01,Percent,0.07
1911,State,Virginia,2004-01-01,Number,26000
1912,State,Virginia,2003-01-01,Number,20000
1913,State,Virginia,2003-01-01,Percent,0.05
1914,State,Virginia,2002-01-01,Number,28000
1915,State,Virginia,2001-01-01,Number,24000
1916,State,Virginia,2002-01-01,Percent,0.08
1917,State,Virginia,2001-01-01,Percent,0.07
1918,State,Virginia,2000-01-01,Percent,0.09
1919,State,Virginia,2000-01-01,Number,31000
1920,State,Washington,2000-01-01,Number,28000
1921,State,Washington,2000-01-01,Percent,0.09
1922,State,Washington,2001-01-01,Percent,0.09
1923,State,Washington,2002-01-01,Percent,0.08
1924,State,Washington,2001-01-01,Number,30000
1925,State,Washington,2002-01-01,Number,26000
1926,State,Washington,2003-01-01,Percent,0.06
1927,State,Washington,2003-01-01,Number,20000
1928,State,Washington,2004-01-01,Number,23000
1929,State,Washington,2004-01-01,Percent,0.07
1930,State,Washington,2005-01-01,Percent,0.07
1931,State,Washington,2005-01-01,Number,24000
1932,State,Washington,2006-01-01,Number,23000
1933,State,Washington,2006-01-01,Percent,0.06
1934,State,Washington,2007-01-01,Percent,0.07
1935,State,Washington,2007-01-01,Number,25000
1936,State,Washington,2008-01-01,Number,25000
1937,State,Washington,2008-01-01,Percent,0.07
1938,State,Washington,2013-01-01,Number,12000
1939,State,Washington,2013-01-01,Percent,0.04
1940,State,Washington,2018-01-01,Percent,0.04
1941,State,Washington,2018-01-01,Number,14000
1942,State,Washington,2009-01-01,Number,23000
1943,State,Washington,2009-01-01,Percent,0.06
1944,State,Washington,2010-01-01,Number,20000
1945,State,Washington,2010-01-01,Percent,0.05
1946,State,Washington,2015-01-01,Number,16000
1947,State,Washington,2015-01-01,Percent,0.04
1948,State,Washington,2012-01-01,Percent,0.04
1949,State,Washington,2011-01-01,Percent,0.05
1950,State,Washington,2011-01-01,Number,17000
1951,State,Washington,2012-01-01,Number,16000
1952,State,Washington,2014-01-01,Number,16000
1953,State,Washington,2014-01-01,Percent,0.04
1954,State,Washington,2016-01-01,Number,17000
1955,State,Washington,2016-01-01,Percent,0.05
1956,State,Washington,2017-01-01,Number,16000
1957,State,Washington,2017-01-01,Percent,0.04
1958,State,Washington,2019-01-01,Number,14000
1959,State,Washington,2019-01-01,Percent,0.04
1960,State,West Virginia,2019-01-01,Number,4000
1961,State,West Virginia,2019-01-01,Percent,0.04
1962,State,West Virginia,2017-01-01,Percent,0.03
1963,State,West Virginia,2017-01-01,Number,3000
1964,State,West Virginia,2016-01-01,Number,4000
1965,State,West Virginia,2016-01-01,Percent,0.04
1966,State,West Virginia,2014-01-01,Percent,0.04
1967,State,West Virginia,2014-01-01,Number,4000
1968,State,West Virginia,2012-01-01,Number,4000
1969,State,West Virginia,2011-01-01,Number,6000
1970,State,West Virginia,2011-01-01,Percent,0.06
1971,State,West Virginia,2012-01-01,Percent,0.05
1972,State,West Virginia,2015-01-01,Number,3000
1973,State,West Virginia,2015-01-01,Percent,0.03
1974,State,West Virginia,2010-01-01,Percent,0.06
1975,State,West Virginia,2010-01-01,Number,6000
1976,State,West Virginia,2009-01-01,Number,9000
1977,State,West Virginia,2018-01-01,Number,3000
1978,State,West Virginia,2018-01-01,Percent,0.04
1979,State,West Virginia,2009-01-01,Percent,0.09
1980,State,West Virginia,2013-01-01,Number,4000
1981,State,West Virginia,2013-01-01,Percent,0.04
1982,State,West Virginia,2008-01-01,Percent,0.08
1983,State,West Virginia,2008-01-01,Number,8000
1984,State,West Virginia,2007-01-01,Number,7000
1985,State,West Virginia,2007-01-01,Percent,0.07
1986,State,West Virginia,2006-01-01,Percent,0.08
1987,State,West Virginia,2006-01-01,Number,8000
1988,State,West Virginia,2005-01-01,Number,7000
1989,State,West Virginia,2005-01-01,Percent,0.09
1990,State,West Virginia,2004-01-01,Percent,0.07
1991,State,West Virginia,2004-01-01,Number,6000
1992,State,West Virginia,2003-01-01,Number,9000
1993,State,West Virginia,2003-01-01,Percent,0.1
1994,State,West Virginia,2002-01-01,Number,6000
1995,State,West Virginia,2001-01-01,Number,8000
1996,State,West Virginia,2002-01-01,Percent,0.08
1997,State,West Virginia,2001-01-01,Percent,0.09
1998,State,West Virginia,2000-01-01,Percent,0.08
1999,State,West Virginia,2000-01-01,Number,7000
2000,State,Wisconsin,2000-01-01,Number,16000
2001,State,Wisconsin,2000-01-01,Percent,0.06
2002,State,Wisconsin,2002-01-01,Percent,0.07
2003,State,Wisconsin,2001-01-01,Number,23000
2004,State,Wisconsin,2001-01-01,Percent,0.08
2005,State,Wisconsin,2002-01-01,Number,19000
2006,State,Wisconsin,2003-01-01,Number,11000
2007,State,Wisconsin,2003-01-01,Percent,0.04
2008,State,Wisconsin,2004-01-01,Number,21000
2009,State,Wisconsin,2004-01-01,Percent,0.07
2010,State,Wisconsin,2005-01-01,Number,16000
2011,State,Wisconsin,2005-01-01,Percent,0.06
2012,State,Wisconsin,2006-01-01,Number,16000
2013,State,Wisconsin,2006-01-01,Percent,0.05
2014,State,Wisconsin,2007-01-01,Number,14000
2015,State,Wisconsin,2007-01-01,Percent,0.04
2016,State,Wisconsin,2008-01-01,Number,12000
2017,State,Wisconsin,2008-01-01,Percent,0.04
2018,State,Wisconsin,2013-01-01,Percent,0.03
2019,State,Wisconsin,2013-01-01,Number,11000
2020,State,Wisconsin,2018-01-01,Percent,0.04
2021,State,Wisconsin,2018-01-01,Number,12000
2022,State,Wisconsin,2009-01-01,Number,13000
2023,State,Wisconsin,2009-01-01,Percent,0.04
2024,State,Wisconsin,2010-01-01,Number,14000
2025,State,Wisconsin,2010-01-01,Percent,0.04
2026,State,Wisconsin,2015-01-01,Number,10000
2027,State,Wisconsin,2015-01-01,Percent,0.03
2028,State,Wisconsin,2012-01-01,Percent,0.03
2029,State,Wisconsin,2011-01-01,Percent,0.04
2030,State,Wisconsin,2011-01-01,Number,13000
2031,State,Wisconsin,2012-01-01,Number,9000
2032,State,Wisconsin,2014-01-01,Number,10000
2033,State,Wisconsin,2014-01-01,Percent,0.03
2034,State,Wisconsin,2016-01-01,Number,13000
2035,State,Wisconsin,2016-01-01,Percent,0.04
2036,State,Wisconsin,2017-01-01,Number,9000
2037,State,Wisconsin,2017-01-01,Percent,0.03
2038,State,Wisconsin,2019-01-01,Percent,0.03
2039,State,Wisconsin,2019-01-01,Number,10000
2040,State,Wyoming,2019-01-01,Percent,0.04
2041,State,Wyoming,2019-01-01,Number,1000
2042,State,Wyoming,2017-01-01,Number,1000
2043,State,Wyoming,2017-01-01,Percent,0.03
2044,State,Wyoming,2016-01-01,Percent,0.02
2045,State,Wyoming,2016-01-01,Number,1000
2046,State,Wyoming,2014-01-01,Number,1000
2047,State,Wyoming,2014-01-01,Percent,0.02
2048,State,Wyoming,2012-01-01,Percent,0.04
2049,State,Wyoming,2012-01-01,Number,1000
2050,State,Wyoming,2011-01-01,Percent,0.02
2051,State,Wyoming,2011-01-01,Number,1000
2052,State,Wyoming,2015-01-01,Percent,0.08
2053,State,Wyoming,2015-01-01,Number,3000
2054,State,Wyoming,2010-01-01,Percent,0.07
2055,State,Wyoming,2010-01-01,Number,2000
2056,State,Wyoming,2009-01-01,Percent,0.08
2057,State,Wyoming,2009-01-01,Number,2000
2058,State,Wyoming,2018-01-01,Number,1000
2059,State,Wyoming,2018-01-01,Percent,0.04
2060,State,Wyoming,2013-01-01,Percent,0.04
2061,State,Wyoming,2013-01-01,Number,1000
2062,State,Wyoming,2008-01-01,Percent,0.06
2063,State,Wyoming,2008-01-01,Number,2000
2064,State,Wyoming,2007-01-01,Number,2000
2065,State,Wyoming,2007-01-01,Percent,0.07
2066,State,Wyoming,2006-01-01,Percent,0.07
2067,State,Wyoming,2006-01-01,Number,2000
2068,State,Wyoming,2005-01-01,Number,2000
2069,State,Wyoming,2005-01-01,Percent,0.08
2070,State,Wyoming,2004-01-01,Percent,0.07
2071,State,Wyoming,2004-01-01,Number,2000
2072,State,Wyoming,2003-01-01,Number,2000
2073,State,Wyoming,2003-01-01,Percent,0.05
2074,State,Wyoming,2002-01-01,Number,2000
2075,State,Wyoming,2001-01-01,Number,3000
2076,State,Wyoming,2002-01-01,Percent,0.07
2077,State,Wyoming,2000-01-01,Percent,0.1
2078,State,Wyoming,2000-01-01,Number,3000
2079,State,Wyoming,2001-01-01,Percent,0.11
2080,Territory,Puerto Rico,2000-01-01,Number,N.A.
2081,Territory,Puerto Rico,2000-01-01,Percent,N.A.
2082,Territory,Puerto Rico,2001-01-01,Percent,N.A.
2083,Territory,Puerto Rico,2001-01-01,Number,N.A.
2084,Territory,Puerto Rico,2002-01-01,Number,N.A.
2085,Territory,Puerto Rico,2002-01-01,Percent,N.A.
2086,Territory,Puerto Rico,2003-01-01,Percent,N.A.
2087,Territory,Puerto Rico,2003-01-01,Number,N.A.
2088,Territory,Puerto Rico,2004-01-01,Number,N.A.
2089,Territory,Puerto Rico,2004-01-01,Percent,N.A.
2090,Territory,Puerto Rico,2005-01-01,Percent,N.A.
2091,Territory,Puerto Rico,2005-01-01,Number,25000
2092,Territory,Puerto Rico,2006-01-01,Number,20000
2093,Territory,Puerto Rico,2006-01-01,Percent,0.09
2094,Territory,Puerto Rico,2007-01-01,Percent,0.08
2095,Territory,Puerto Rico,2007-01-01,Number,20000
2096,Territory,Puerto Rico,2008-01-01,Number,20000
2097,Territory,Puerto Rico,2008-01-01,Percent,0.08
2098,Territory,Puerto Rico,2013-01-01,Number,13000
2099,Territory,Puerto Rico,2013-01-01,Percent,0.06
2100,Territory,Puerto Rico,2018-01-01,Number,7000
2101,Territory,Puerto Rico,2018-01-01,Percent,0.04
2102,Territory,Puerto Rico,2009-01-01,Percent,0.08
2103,Territory,Puerto Rico,2009-01-01,Number,19000
2104,Territory,Puerto Rico,2010-01-01,Number,20000
2105,Territory,Puerto Rico,2010-01-01,Percent,0.09
2106,Territory,Puerto Rico,2015-01-01,Percent,0.03
2107,Territory,Puerto Rico,2015-01-01,Number,5000
2108,Territory,Puerto Rico,2011-01-01,Number,16000
2109,Territory,Puerto Rico,2011-01-01,Percent,0.07
2110,Territory,Puerto Rico,2012-01-01,Percent,0.05
2111,Territory,Puerto Rico,2012-01-01,Number,12000
2112,Territory,Puerto Rico,2014-01-01,Number,11000
2113,Territory,Puerto Rico,2014-01-01,Percent,0.05
2114,Territory,Puerto Rico,2016-01-01,Percent,0.03
2115,Territory,Puerto Rico,2016-01-01,Number,7000
2116,Territory,Puerto Rico,2017-01-01,Number,7000
2117,Territory,Puerto Rico,2017-01-01,Percent,0.04
2118,Territory,Puerto Rico,2019-01-01,Number,7000
2119,Territory,Puerto Rico,2019-01-01,Percent,0.04
